predMass,preyMass
305.879,0.197781
305.879,0.454415
0.3745,0.007982
0.3745,0.007982
0.5235,0.000996
0.5235,0.007982
80.72,0.454415
80.72,0.882918
80.72,1.745299
80.72,0.123899
80.72,0.123899
80.72,0.123899
80.72,0.149207
80.72,0.123899
154.3587,2.813362
154.3587,0.454415
154.3587,0.121562
154.3587,0.121562
154.3587,0.121562
154.3587,1.354352
154.3587,0.531921
154.3587,0.573757
65.385,0.644036
65.385,0.045154
65.385,0.045154
108.2252,0.454415
108.2252,3.229102
108.2252,3.327035
285.3461,2.238495
285.3461,2.238495
285.3461,1.623499
285.3461,1.623499
285.3461,0.004259
285.3461,0.007982
285.3461,0.146567
285.3461,0.067047
285.3461,0.067047
285.3461,0.067047
285.3461,0.258291
285.3461,0.146567
285.3461,0.146567
285.3461,0.146567
285.3461,0.146567
285.3461,0.146567
285.3461,0.258291
285.3461,0.258291
285.3461,0.258291
285.3461,0.258291
285.3461,0.258291
285.3461,0.402887
285.3461,0.402887
285.3461,0.146567
108.2252,0.826913
108.2252,3.782351
167.7531,0.502401
305.879,0.727306
305.879,5.347187
305.879,1.263571
305.879,3.335249
305.879,0.499843
305.879,0.906924
305.879,0.402887
305.879,0.067047
305.879,0.067047
305.879,0.146567
305.879,0.146567
305.879,0.258291
305.879,0.258291
305.879,0.402887
305.879,0.580885
305.879,0.258291
98.4234,0.042084
98.4234,3.158564
327.4295,0.083809
327.4295,1.216179
327.4295,1.666
327.4295,1.666
327.4295,1.666
327.4295,1.666
327.4295,0.06332
327.4295,0.003538
327.4295,0.00506
80.72,2.020847
80.72,0.673484
373.6975,0.380189
373.6975,0.130272
154.3587,0.752544
181.9445,0.229197
181.9445,0.016386
181.9445,0.054437
181.9445,0.258291
181.9445,0.402887
247.2195,0.86457
247.2195,0.062504
229.57,0.034364
229.57,3.91049
229.57,0.007982
373.6975,0.045154
373.6975,0.02409
373.6975,0.013183
154.3587,0.882
154.3587,0.581766
154.3587,0.078512
571.9528,0.066385
571.9528,0.070143
571.9528,0.058762
571.9528,0.502401
305.879,1.065506
265.8023,0.529737
265.8023,0.007982
265.8023,0.007982
265.8023,0.009138
265.8023,0.016386
265.8023,0.028625
265.8023,0.031071
265.8023,0.045154
265.8023,0.007982
247.2195,1.688806
350.0261,2.2147
350.0261,0.130272
350.0261,0.011735
350.0261,0.018822
424.3809,1.354352
451.4516,0.05169
451.4516,0.673484
305.879,0.105832
305.879,0.130527
305.879,3.290964
479.7142,1.477582
154.3587,0.011735
154.3587,0.071625
154.3587,2.366235
154.3587,0.025735
154.3587,0.074249
154.3587,0.067047
154.3587,0.067047
154.3587,0.067047
154.3587,0.062457
154.3587,0.051717
154.3587,0.022304
154.3587,0.019126
154.3587,0.018822
154.3587,0.258291
154.3587,0.146567
154.3587,0.051717
154.3587,0.258291
154.3587,0.402887
154.3587,0.402887
154.3587,0.258291
154.3587,0.258291
154.3587,0.146567
154.3587,0.258291
154.3587,0.258291
154.3587,0.258291
154.3587,0.207167
154.3587,0.146567
154.3587,0.146567
154.3587,0.258291
265.8023,1.090459
398.4727,1.816785
398.4727,0.752544
398.4727,0.250858
196.9598,0.121562
196.9598,0.091188
196.9598,0.091188
196.9598,1.419068
373.6975,2.2147
327.4295,0.092015
327.4295,0.258291
327.4295,0.067047
327.4295,0.146567
247.2195,0.258291
247.2195,0.046739
605.2832,2.370664
605.2832,0.837369
605.2832,1.816785
605.2832,0.287286
265.8023,0.014732
265.8023,1.374483
265.8023,0.046739
265.8023,0.013525
265.8023,0.019126
265.8023,0.025735
265.8023,0.029422
265.8023,0.033364
265.8023,0.042022
265.8023,0.042022
265.8023,0.046739
265.8023,0.046739
265.8023,0.146567
265.8023,0.046739
265.8023,0.176958
265.8023,0.051717
265.8023,0.146567
265.8023,0.146567
265.8023,0.108375
265.8023,0.068221
265.8023,0.067047
265.8023,0.062457
265.8023,0.051717
265.8023,0.258291
571.9528,2.202622
571.9528,0.287245
571.9528,0.026299
571.9528,0.102653
571.9528,0.101016
571.9528,0.093925
571.9528,0.123899
571.9528,0.074249
373.6975,2.407798
373.6975,0.723502
373.6975,0.210649
373.6975,0.2341
479.7142,0.064938
479.7142,0.067047
247.2195,3.290964
247.2195,0.025605
424.3809,2.202422
424.3809,0.174099
424.3809,1.182295
424.3809,0.0871
212.8259,0.370971
350.0261,1.419068
350.0261,1.419068
350.0261,1.417542
350.0261,0.108375
247.2195,0.064938
247.2195,0.130272
247.2195,0.146567
247.2195,0.018822
247.2195,0.018822
247.2195,0.018822
247.2195,0.207167
327.4295,0.001051
212.8259,0.130272
605.2832,0.058988
605.2832,0.014732
605.2832,0.058762
605.2832,0.633443
605.2832,0.036327
285.3461,0.118738
285.3461,0.045154
350.0261,2.121611
571.9528,0.423994
571.9528,0.370971
571.9528,2.340003
605.2832,1.237972
605.2832,0.250858
350.0261,0.045154
350.0261,0.009379
509.1986,6.168568
285.3461,0.384079
451.4516,0.812322
305.879,1.666
305.879,0.402887
305.879,0.258291
305.879,0.239847
305.879,0.146567
305.879,0.146567
373.6975,0.52383
373.6975,1.417542
373.6975,0.046536
373.6975,1.849752
373.6975,0.091188
373.6975,0.673484
373.6975,1.666
373.6975,0.045154
373.6975,0.130272
373.6975,0.2341
212.8259,0.882
212.8259,5.266253
451.4516,0.605452
451.4516,0.031026
451.4516,0.118738
451.4516,0.074805
451.4516,0.001051
451.4516,0.17493
451.4516,0.499074
23.9118,1.477582
23.9118,0.045154
23.9118,0.045154
65.385,0.121929
65.385,0.264394
65.385,0.130272
65.385,0.130272
65.385,0.140047
65.385,0.067047
65.385,0.085519
12.56,0.130272
12.56,0.045154
12.56,0.146567
12.56,0.045154
451.4516,4.019705
451.4516,1.128263
451.4516,0.928142
539.9347,0.439499
373.6975,0.031026
373.6975,0.011972
373.6975,0.1436
350.0261,0.250858
65.385,0.250858
65.385,0.024127
327.4295,0.837369
327.4295,0.045154
196.9598,0.067047
181.9445,0.2174
181.9445,0.387864
181.9445,0.46349
181.9445,0.790897
181.9445,0.581766
118.694,0.574094
118.694,0.009379
5.6626,0.018822
5.6626,0.067047
5.6626,0.130272
5.6626,0.045154
265.8023,0.069953
265.8023,0.025385
181.9445,0.069953
181.9445,0.048356
181.9445,0.042084
41.0473,0.069953
41.0473,0.574094
41.0473,0.574094
41.0473,0.045154
41.0473,0.045154
41.0473,0.045154
41.0473,0.045154
41.0473,0.130272
52.224,0.06431
52.224,0.130272
141.7348,0.064938
141.7348,0.003128
129.8553,0.031799
285.3461,0.064938
196.9598,0.045803
196.9598,0.130272
129.8553,0.051979
129.8553,0.712305
129.8553,1.182295
129.8553,2.238495
129.8553,0.130272
129.8553,0.039888
285.3461,3.023416
212.8259,4.595185
212.8259,4.595185
72.7687,0.197781
72.7687,0.102907
72.7687,0.130272
72.7687,0.130272
72.7687,0.045154
118.694,1.816785
108.2252,3.794994
108.2252,0.045154
108.2252,0.029229
265.8023,0.319081
265.8023,0.191538
265.8023,0.130272
265.8023,0.172595
52.224,0.565658
52.224,0.036189
52.224,0.727306
52.224,0.917882
52.224,0.048816
52.224,0.104103
52.224,0.025385
167.7531,0.250858
167.7531,3.91049
167.7531,4.595185
167.7531,0.264394
167.7531,0.172595
118.694,0.28306
118.694,1.276511
196.9598,0.264394
196.9598,0.130272
196.9598,0.045154
212.8259,1.411042
212.8259,0.130272
212.8259,0.045154
212.8259,0.045154
167.7531,0.130272
167.7531,0.045154
167.7531,0.258291
167.7531,0.158185
167.7531,0.146567
167.7531,0.010388
167.7531,0.045154
509.1986,0.062504
509.1986,0.021997
41.0473,0.101016
196.9598,0.045154
196.9598,0.045154
141.7348,0.045154
141.7348,0.130272
141.7348,0.045154
141.7348,0.045154
398.4727,0.118738
196.9598,0.720296
196.9598,3.229102
196.9598,4.019705
52.224,0.045154
52.224,0.045154
52.224,0.045154
52.224,0.045154
52.224,0.130272
196.9598,0.045154
350.0261,0.130272
350.0261,0.045154
350.0261,0.258291
350.0261,0.045154
639.9565,0.727306
639.9565,0.319081
639.9565,4.363501
639.9565,3.040197
639.9565,0.27161
639.9565,0.2341
196.9598,1.4151
167.7531,0.130272
154.3587,1.295317
72.7687,0.928142
52.224,0.045154
52.224,0.130272
52.224,0.045154
52.224,0.402887
52.224,0.007982
52.224,0.007982
52.224,0.045154
52.224,0.045154
41.0473,0.045154
41.0473,0.085519
41.0473,0.021422
41.0473,0.045154
229.57,0.86457
229.57,0.86457
229.57,0.130272
229.57,0.130272
52.224,0.118738
52.224,0.499843
52.224,0.045154
52.224,0.045154
52.224,0.045154
0.3937,0.064938
0.3937,0.108375
209.5833,0.309763
209.5833,0.712305
209.5833,0.333392
1.349,0.130272
1.349,0.045154
1.349,0.007982
0.273,0.045154
0.7707,0.007982
0.7707,0.007982
0.7707,0.130272
0.7707,0.007982
8391.9354,1.563705
34855.9583,61.311602
24075.8315,1.816785
24075.8315,0.837369
24075.8315,1.216179
24075.8315,1.216179
24075.8315,0.003538
29229.9029,0.411186
29229.9029,0.358156
13295.5492,0.605452
13295.5492,0.265814
13295.5492,0.15867
13295.5492,0.358156
13295.5492,0.358156
13295.5492,0.411186
13295.5492,0.439499
13295.5492,0.794224
13295.5492,0.928142
13295.5492,1.128263
13295.5492,1.354352
13295.5492,2.042528
13295.5492,0.712305
13295.5492,0.016386
13295.5492,0.055158
13295.5492,1.183193
13295.5492,10.3402
8490.5862,0.064938
8490.5862,0.005946
8490.5862,0.001836
29712.4093,0.207167
26229.0832,0.259789
26229.0832,0.354813
26229.0832,0.423994
26229.0832,129.855285
26229.0832,51.225736
26229.0832,1.075854
26229.0832,0.712305
26229.0832,2.202646
26229.0832,0.5653
26229.0832,1.182295
26229.0832,1.666
26229.0832,0.055158
9416.1449,0.411186
9416.1449,0.469044
9416.1449,0.85547
9416.1449,1.216179
9416.1449,1.666
17527.8091,1.679798
29712.4093,3.91049
922.8029,3.554255
16709.9946,0.197781
2869.0045,1.183193
10526.7961,0.048356
10526.7961,1.183193
15458.7904,0.051717
7360.1579,0.275011
28281.7417,0.28306
28281.7417,0.792577
28281.7417,0.633443
28281.7417,0.496477
28281.7417,0.380189
28281.7417,0.380189
17197.3272,0.411186
15765.0805,0.380189
217.336,0.011972
217.336,0.113228
217.336,0.056956
217.336,0.067047
217.336,0.051717
217.336,0.051717
217.336,0.051717
217.336,0.051717
217.336,0.056956
217.336,0.056956
217.336,0.056956
217.336,0.056956
217.336,0.062457
217.336,0.067047
217.336,0.046739
217.336,0.067047
217.336,0.042022
217.336,0.067047
217.336,0.037564
217.336,0.000394
217.336,0.011099
217.336,0.013525
217.336,0.013525
217.336,0.025735
217.336,0.046739
217.336,0.029422
217.336,0.046739
217.336,0.046739
217.336,0.042022
217.336,0.067047
217.336,0.046739
217.336,0.046739
217.336,0.046739
217.336,0.025735
217.336,0.258291
217.336,0.146567
217.336,0.402887
217.336,0.146567
217.336,0.146567
217.336,0.146567
217.336,0.158185
217.336,0.123899
217.336,0.258291
217.336,0.146567
217.336,0.258291
217.336,0.258291
217.336,0.263012
217.336,0.402887
217.336,0.068221
217.336,0.046739
217.336,0.258291
217.336,0.074249
217.336,0.068221
217.336,0.074249
217.336,0.149207
217.336,0.074249
217.336,0.116002
217.336,0.080542
217.336,0.0871
217.336,0.093925
217.336,0.101016
217.336,0.108375
217.336,0.116002
217.336,0.116002
217.336,0.101016
217.336,0.116002
217.336,0.074249
272.0609,0.018822
272.0609,0.067047
272.0609,0.067047
272.0609,0.067047
272.0609,0.067047
272.0609,0.067047
272.0609,0.056956
272.0609,0.037564
272.0609,0.018822
272.0609,0.018822
272.0609,0.018822
272.0609,0.258291
272.0609,0.067047
272.0609,0.046739
272.0609,0.402887
272.0609,0.196823
272.0609,0.258291
272.0609,0.258291
272.0609,0.258291
272.0609,0.258291
272.0609,0.402887
272.0609,0.402887
272.0609,0.402887
272.0609,0.402887
272.0609,0.402887
272.0609,0.258291
272.0609,0.146567
335.9979,0.496477
356.0796,0.033364
356.0796,0.067047
356.0796,0.067047
356.0796,0.062457
356.0796,0.056956
356.0796,0.011099
356.0796,0.056956
356.0796,0.046739
356.0796,0.042022
356.0796,0.037564
356.0796,0.067047
356.0796,0.018822
356.0796,0.018822
356.0796,0.018822
356.0796,0.018822
356.0796,0.018822
356.0796,0.018822
356.0796,0.0162
356.0796,0.011099
356.0796,0.000394
356.0796,0.000394
356.0796,0.067047
356.0796,0.0162
356.0796,0.146567
356.0796,0.067047
356.0796,0.395526
356.0796,0.312671
356.0796,0.258291
356.0796,0.258291
356.0796,0.258291
356.0796,0.258291
356.0796,0.258291
356.0796,0.146567
356.0796,0.146567
356.0796,0.146567
356.0796,0.101016
356.0796,0.067047
356.0796,0.067047
356.0796,0.207167
356.0796,0.068221
356.0796,0.146567
356.0796,0.116002
356.0796,0.123899
356.0796,0.1405
356.0796,0.1405
356.0796,0.146567
356.0796,0.146567
356.0796,0.067047
210.2203,0.2341
3300.7451,1.679798
3300.7451,0.792577
2869.0045,0.975346
2869.0045,0.792577
7360.1579,0.496477
255.5229,0.033364
255.5229,0.101016
255.5229,0.1405
421.4739,2.020847
421.4739,0.384079
421.4739,0.595442
4120.713,0.117761
4120.713,0.079921
189.8729,0.130272
563.0068,1.183193
4874.2089,2.2147
4874.2089,1.216179
4874.2089,1.216179
4874.2089,1.666
4874.2089,1.666
4874.2089,0.496477
5500.4956,0.790897
5500.4956,2.01493
5500.4956,1.419068
5500.4956,2.2147
5500.4956,1.666
5500.4956,0.28306
5500.4956,0.380189
5500.4956,3.86226
621.9918,0.307708
621.9918,1.182295
1565.8945,1.612724
3448.9442,0.794224
3448.9442,0.083337
3448.9442,0.045154
3448.9442,0.167436
5371.325,0.198875
5371.325,0.46349
5371.325,0.581766
5371.325,0.210135
5371.325,0.210135
5371.325,0.167436
5371.325,0.1405
5371.325,0.002897
5371.325,0.144572
5371.325,0.285428
701.2983,0.045154
701.2983,0.045154
701.2983,0.085519
3325.0685,0.139337
3325.0685,0.000394
3325.0685,0.000914
3325.0685,0.001659
3325.0685,0.001659
3325.0685,0.001659
3325.0685,0.000914
3325.0685,0.000914
3325.0685,0.000914
3325.0685,0.000914
3325.0685,0.001659
3325.0685,0.000914
3325.0685,0.000394
3325.0685,0.000394
3325.0685,0.001659
3325.0685,0.000394
3325.0685,0.001659
3325.0685,0.000394
3325.0685,0.000394
3325.0685,0.000394
3325.0685,0.000394
3325.0685,0.000094
3325.0685,0.000094
3325.0685,0.000394
3325.0685,0.312671
3325.0685,0.251291
3325.0685,0.001659
3325.0685,0.158185
3325.0685,0.001659
3325.0685,0.116002
3325.0685,0.116002
3325.0685,0.116002
3325.0685,0.116002
3325.0685,0.074249
3325.0685,0.051717
3325.0685,0.046739
3325.0685,0.046739
3325.0685,0.046739
3325.0685,0.003847
3325.0685,0.002636
3325.0685,0.002636
3325.0685,0.002636
3325.0685,0.002636
3325.0685,0.002636
3325.0685,0.002636
3325.0685,0.239847
3325.0685,0.051717
26.4964,0.22142
694.4756,0.328501
303.6989,0.05169
303.6989,0.045154
303.6989,0.011735
303.6989,0.085519
135.3678,0.237651
197.2939,0.062504
197.2939,0.055158
197.2939,0.02409
197.2939,0.020016
197.2939,0.00233
149.1711,0.045154
149.1711,0.045154
149.1711,0.264394
149.1711,0.007982
149.1711,0.067047
149.1711,0.067047
215.7781,0.018822
164.0531,0.130272
164.0531,0.130272
164.0531,0.045154
164.0531,0.000394
164.0531,0.57308
164.0531,0.045154
164.0531,0.000394
303.6989,0.045154
303.6989,0.007982
303.6989,0.045154
303.6989,0.045154
303.6989,0.130272
303.6989,0.130272
303.6989,0.007982
303.6989,0.045154
180.0734,0.130272
180.0734,0.007982
180.0734,0.045154
180.0734,0.045154
180.0734,0.130272
180.0734,0.130272
180.0734,0.130272
180.0734,0.264394
180.0734,0.264394
180.0734,0.130272
180.0734,0.146567
164.0531,0.067047
164.0531,0.067047
164.0531,0.018822
149.1711,0.060675
149.1711,0.044501
110.7685,0.067047
110.7685,0.067047
89.8166,0.264394
89.8166,0.130272
89.8166,0.045154
89.8166,0.045154
89.8166,0.045154
89.8166,0.000053
135.3678,0.130272
135.3678,0.130272
135.3678,0.045154
391.2934,0.264394
391.2934,0.102653
391.2934,0.130272
391.2934,0.130272
325.096,0.102653
325.096,0.130272
325.096,0.045154
325.096,0.045154
325.096,0.130272
325.096,0.130272
325.096,0.264394
325.096,0.130272
325.096,0.045154
325.096,0.130272
325.096,0.458721
325.096,0.010388
325.096,0.045154
357.0296,0.007982
42527.7503,0.116002
1155.6658,0.107862
1155.6658,0.013183
16751.9918,0.031071
18873.0314,0.371913
18873.0314,11.520923
18873.0314,11.520923
18873.0314,2.2147
18873.0314,1.065506
18873.0314,1.065506
18873.0314,1.623499
18873.0314,1.623499
18873.0314,1.623499
18873.0314,1.623499
18873.0314,1.623499
18873.0314,1.623499
18873.0314,1.623499
18873.0314,1.065506
18873.0314,2.366235
18873.0314,1.623499
18873.0314,3.327035
18873.0314,2.366235
18873.0314,2.366235
18873.0314,2.366235
18873.0314,2.366235
18873.0314,2.366235
18873.0314,2.366235
18873.0314,2.366235
18873.0314,2.366235
18873.0314,2.366235
18873.0314,3.327035
13264.7268,0.661007
13264.7268,0.158185
6136.1837,1.139936
6136.1837,1.216179
6136.1837,0.574094
639.6337,0.064938
639.6337,0.064938
639.6337,0.011972
639.6337,0.045154
639.6337,0.033637
4573.4108,0.358156
4573.4108,2.121611
4573.4108,0.045692
4573.4108,0.028625
4573.4108,0.176958
4573.4108,0.116002
834.9517,0.118738
834.9517,0.118738
834.9517,0.121562
834.9517,0.091188
834.9517,0.292178
834.9517,0.055158
834.9517,0.083337
834.9517,0.048356
834.9517,0.068221
9515.1883,0.11875
14277.5,0.354813
14277.5,2.238495
14277.5,1.216179
14277.5,2.2147
14277.5,1.666
14277.5,0.85547
14277.5,1.119646
27163.0368,0.369483
27163.0368,1.745299
27163.0368,1.80088
27163.0368,2.238495
27163.0368,1.666
27163.0368,1.666
27163.0368,1.666
27163.0368,2.2147
27163.0368,0.107902
27163.0368,0.224434
27163.0368,0.130272
27163.0368,2.647799
27163.0368,2.366235
27163.0368,1.623499
986.2093,0.826913
986.2093,0.443899
986.2093,0.010388
986.2093,0.026299
986.2093,0.228678
986.2093,0.194151
2702.6466,0.499074
700.7228,0.118738
700.7228,0.064938
700.7228,0.049127
700.7228,0.048356
700.7228,0.124431
700.7228,0.119452
700.7228,0.033364
700.7228,0.033364
700.7228,0.046739
700.7228,0.046739
8572.1374,0.661851
8572.1374,0.871136
3803.7512,1.139936
3803.7512,0.121929
3803.7512,0.224434
3803.7512,0.499843
3803.7512,1.419068
3803.7512,1.666
3803.7512,0.210135
3803.7512,0.210135
3803.7512,0.224434
3803.7512,0.121929
3803.7512,0.224434
871.1243,6.462772
871.1243,0.245445
871.1243,3.229102
871.1243,0.074572
871.1243,0.020016
871.1243,0.033637
871.1243,0.055158
871.1243,0.048356
871.1243,0.080542
871.1243,0.014204
871.1243,1.585647
86154.5433,3.023416
86154.5433,0.039142
86154.5433,1.065506
86154.5433,10.084912
7364.4958,0.86457
7364.4958,0.055525
7364.4958,36.145072
7364.4958,0.121562
7364.4958,0.029542
7364.4958,1.816785
7364.4958,1.816785
7364.4958,0.574094
7364.4958,1.216179
7364.4958,0.369483
7364.4958,1.374483
7364.4958,1.623499
7364.4958,0.074249
7364.4958,0.0871
7364.4958,0.116002
669.691,0.031026
669.691,0.064938
669.691,0.118738
669.691,0.010388
669.691,0.158185
669.691,0.0871
669.691,0.101016
669.691,0.123899
669.691,0.425389
6281.2306,0.81882
6281.2306,0.064938
6281.2306,0.031026
6281.2306,7.468069
6281.2306,3.91049
6281.2306,0.116002
6281.2306,0.239847
27572.5257,2.872033
478.7686,0.101016
10954.1937,0.078882
10954.1937,0.366788
10954.1937,0.352839
12303.3186,0.190213
12303.3186,0.181928
12303.3186,0.181928
12303.3186,0.181928
12303.3186,0.181928
12303.3186,0.181928
12303.3186,0.181928
12303.3186,0.190213
12303.3186,0.190213
12303.3186,0.190213
12303.3186,0.174004
12303.3186,0.166426
12303.3186,0.166426
12303.3186,0.190213
12303.3186,5.367104
12303.3186,1.234582
12303.3186,0.2174
12303.3186,0.207931
12303.3186,0.2174
12303.3186,0.2174
12303.3186,0.2174
12303.3186,0.2273
12303.3186,0.237651
12303.3186,0.2174
12303.3186,0.56318
12303.3186,0.369483
12303.3186,0.369483
12303.3186,0.369483
12303.3186,0.369483
12303.3186,0.369483
12303.3186,0.018356
12303.3186,0.033637
12303.3186,0.078882
12303.3186,2.366235
12303.3186,2.366235
12303.3186,0.380923
12303.3186,0.068221
12303.3186,0.068221
12303.3186,0.068221
12303.3186,0.456379
12303.3186,0.395526
12303.3186,0.196823
12303.3186,0.196823
12303.3186,0.053477
12303.3186,0.058762
12303.3186,0.031071
12303.3186,0.011735
15618.0321,1.025046
15618.0321,1.216179
15618.0321,0.078512
15618.0321,0.116002
15618.0321,0.0803
15618.0321,0.0803
15618.0321,0.502401
15618.0321,0.502401
24414.8534,55.148985
24414.8534,0.358156
24414.8534,0.08438
24414.8534,0.109803
24414.8534,0.224434
24414.8534,0.149207
8572.1374,0.871136
4121.484,0.362254
4121.484,0.210135
4121.484,2.2147
49592.4935,0.794224
11171.4758,0.158185
15071.7088,0.217785
15071.7088,0.176958
5853.1473,0.369483
5853.1473,0.062504
5579.3737,0.031026
5579.3737,0.009276
5579.3737,0.794224
5579.3737,0.021997
5579.3737,1.374483
8572.1374,0.600005
8572.1374,0.105832
8572.1374,0.136275
8572.1374,0.107862
1609.6721,0.031026
1609.6721,0.031799
1609.6721,3.023416
1609.6721,1.607839
1609.6721,0.045154
1609.6721,0.042084
1609.6721,0.074572
1609.6721,0.158185
1609.6721,0.239847
1068.5888,0.226114
1068.5888,0.794224
1068.5888,0.062504
1068.5888,0.0871
1973.7253,0.118738
1973.7253,0.064938
1973.7253,0.499843
1973.7253,0.083337
7042.637,0.055525
7042.637,0.055525
7042.637,0.454415
7042.637,0.107902
7042.637,0.107902
7042.637,0.045154
7042.637,0.327139
7042.637,0.123899
639.6337,0.239847
15618.0321,0.712305
15618.0321,0.439499
15618.0321,0.005257
1111.5308,0.056956
1111.5308,0.010388
1111.5308,0.018147
1499.5931,0.064938
1499.5931,0.794224
1499.5931,0.327139
1499.5931,0.046739
1499.5931,0.325781
1499.5931,0.011317
5445.9056,1.216179
5445.9056,3.462592
5445.9056,1.184357
5445.9056,1.563705
5445.9056,0.263012
5445.9056,0.093925
5445.9056,0.046739
5445.9056,0.1405
5445.9056,0.196823
5445.9056,0.217785
5445.9056,0.312671
5445.9056,0.312671
5445.9056,0.020016
871.1243,0.031026
871.1243,0.064938
871.1243,0.197781
871.1243,1.745299
871.1243,0.001836
871.1243,0.327139
10954.1937,2.202422
10954.1937,0.643025
10954.1937,1.139936
10954.1937,0.56318
10954.1937,0.011972
10954.1937,0.033637
10954.1937,0.384079
10954.1937,1.216179
10954.1937,0.016386
10954.1937,0.132064
10954.1937,0.108375
10954.1937,0.108375
10954.1937,0.101016
10954.1937,0.108375
10954.1937,0.101016
10954.1937,0.108375
10954.1937,0.108375
10954.1937,0.108375
10954.1937,0.108375
10954.1937,0.108375
10954.1937,0.108375
10954.1937,0.108375
10954.1937,0.116002
10954.1937,0.116002
10954.1937,0.116002
10954.1937,0.132064
10954.1937,0.132064
10954.1937,0.101016
10954.1937,0.116002
10954.1937,0.046739
10954.1937,0.1405
10954.1937,0.312671
10954.1937,0.013525
10954.1937,0.037564
10954.1937,0.037564
10954.1937,0.042022
10954.1937,0.0162
10954.1937,0.046739
10954.1937,0.0871
10954.1937,0.051717
10954.1937,0.051717
10954.1937,0.056956
10954.1937,0.056956
10954.1937,0.056956
10954.1937,0.068221
10954.1937,0.074249
10954.1937,0.074249
10954.1937,0.080542
10954.1937,0.042022
10954.1937,0.395526
10954.1937,0.217785
10954.1937,0.239847
10954.1937,0.263012
10954.1937,0.287286
10954.1937,0.287286
10954.1937,0.339171
10954.1937,0.352839
10954.1937,0.217785
10954.1937,0.312671
10954.1937,0.395526
10954.1937,0.395526
10954.1937,0.149207
10954.1937,0.299839
10954.1937,0.381017
10954.1937,0.167436
10954.1937,0.158185
10954.1937,0.158185
10954.1937,0.158185
10954.1937,0.207167
10954.1937,0.167436
10954.1937,0.167436
10954.1937,0.176958
10954.1937,0.176958
10954.1937,0.186754
10954.1937,0.186754
10954.1937,0.196823
10954.1937,0.207167
10954.1937,0.196823
10954.1937,0.207167
10954.1937,0.196823
10954.1937,0.196823
10954.1937,0.196823
10954.1937,0.207167
10954.1937,0.207167
10954.1937,0.196823
1295.4159,0.118738
1295.4159,0.011972
1295.4159,0.118738
1295.4159,0.197781
1295.4159,0.307708
1295.4159,1.816785
1295.4159,0.226114
20498.4373,0.224434
20498.4373,0.064938
20498.4373,0.307708
20498.4373,42.126221
20498.4373,1.666
20498.4373,0.85547
20498.4373,0.85547
20498.4373,0.85547
20498.4373,0.85547
20498.4373,1.216179
20498.4373,1.666
20498.4373,1.666
20498.4373,1.666
20498.4373,0.85547
20498.4373,1.216179
20498.4373,0.327139
20498.4373,0.0162
20498.4373,0.056956
20498.4373,0.093925
20498.4373,0.1405
528.7966,0.045154
799.8433,0.026786
799.8433,0.022314
799.8433,0.581766
799.8433,0.062457
799.8433,0.0162
908.3792,1.182295
908.3792,1.745299
908.3792,0.469044
908.3792,0.581766
908.3792,0.633443
908.3792,0.228678
908.3792,0.068221
908.3792,0.167436
908.3792,0.1405
908.3792,0.046739
908.3792,0.080542
9129.6945,0.633024
9129.6945,0.56318
9129.6945,0.811362
9129.6945,0.06431
9129.6945,11.520923
9129.6945,0.574094
9129.6945,0.85547
9129.6945,0.196823
9129.6945,0.056956
9129.6945,0.101016
9129.6945,0.116002
9129.6945,0.123899
9129.6945,0.167436
9129.6945,0.176958
9129.6945,0.196823
9129.6945,0.186754
9129.6945,0.151126
4457.3349,0.121562
4457.3349,2.366235
4457.3349,0.186754
4457.3349,0.186754
4457.3349,0.381017
4457.3349,0.381017
368.3156,0.352839
368.3156,0.207167
368.3156,0.158185
368.3156,0.116002
35703.5285,0.065963
35703.5285,0.08438
35703.5285,0.12587
35703.5285,0.239847
8572.1374,0.064938
8572.1374,3.023416
8572.1374,1.182295
17340.017,4.82027
17340.017,1.745299
8755.2625,0.226114
8755.2625,0.794224
8755.2625,0.167436
8755.2625,0.228678
8755.2625,0.046739
21519.3166,0.647179
21519.3166,0.025605
21519.3166,0.425389
21519.3166,0.366788
12777.6974,4.654681
12777.6974,0.158185
12777.6974,0.330256
28826.8916,0.319081
28826.8916,0.430414
28826.8916,0.727306
28826.8916,2.01493
28826.8916,0.224434
28826.8916,0.224434
28826.8916,0.369483
28826.8916,1.128263
28826.8916,13.553592
28826.8916,0.581766
28826.8916,1.216179
28826.8916,15.867528
28826.8916,2.015207
28826.8916,1.065506
28826.8916,1.065506
28826.8916,1.065506
28826.8916,1.065506
28826.8916,1.065506
28826.8916,2.366235
28826.8916,1.065506
28826.8916,1.623499
28826.8916,1.623499
28826.8916,1.065506
28826.8916,1.065506
16178.0617,1.607839
13019.6189,0.020016
13019.6189,0.021997
9911.928,2.285657
9911.928,0.263012
13513.045,3.040197
13513.045,0.055158
14803.6265,0.352839
16751.9918,0.021997
16751.9918,0.158185
4691.5851,0.794224
31454.4865,0.011867
31454.4865,0.048356
31454.4865,0.039142
31454.4865,0.136275
31454.4865,0.11875
7866.3762,1.477582
7866.3762,0.325781
7696.5071,1.816785
7696.5071,0.181519
7696.5071,0.046739
7696.5071,0.025735
7696.5071,0.068221
4691.5851,0.121929
4691.5851,0.369483
4691.5851,0.369483
4691.5851,2.2147
4691.5851,1.666
4691.5851,0.362254
4691.5851,0.224434
4691.5851,0.121929
4691.5851,0.121929
4691.5851,0.224434
23666.9,125.306023
23666.9,0.287245
23666.9,0.007083
23666.9,0.712305
5185.6975,3.146572
5185.6975,0.163113
5185.6975,4.019705
5185.6975,0.031071
5185.6975,0.031071
5185.6975,0.039142
5185.6975,0.006919
5185.6975,0.048356
5185.6975,0.010388
5185.6975,0.070407
5185.6975,0.097597
5185.6975,0.22142
5185.6975,0.11875
5185.6975,0.167436
5185.6975,0.096647
5185.6975,0.062504
5185.6975,0.048356
4457.3349,7.664079
4457.3349,0.039142
4457.3349,0.031071
4457.3349,0.366788
4457.3349,0.207167
6578.492,1.4151
8755.2625,0.224434
8038.8511,0.011972
8038.8511,0.031026
8038.8511,0.064938
8038.8511,0.064938
8038.8511,0.928142
8038.8511,0.016386
8038.8511,0.147752
8038.8511,0.146176
8038.8511,0.046739
8038.8511,0.039142
8038.8511,18.809494
7042.637,89.263284
7042.637,1.965378
7042.637,0.033637
7042.637,0.031071
7042.637,0.048356
10954.1937,0.664149
10954.1937,0.333392
10954.1937,3.335249
10954.1937,0.092693
10954.1937,0.010388
10954.1937,0.092727
10954.1937,0.056956
10954.1937,0.048356
4231.3928,0.811362
4231.3928,1.119646
4231.3928,1.119646
4231.3928,0.307708
4231.3928,1.128263
4231.3928,2.204402
4231.3928,2.238495
4231.3928,0.362254
4231.3928,0.574094
4231.3928,1.216179
4231.3928,1.216179
4231.3928,1.216179
4231.3928,0.055525
4231.3928,0.327139
9129.6945,3.335249
9129.6945,3.335249
9129.6945,0.439499
9129.6945,5.498042
9129.6945,0.158185
10320.0986,1.411042
10320.0986,4.713849
10320.0986,0.732402
10320.0986,0.11875
10320.0986,0.062504
10320.0986,0.074572
10320.0986,0.352839
40338.698,1.025046
40338.698,0.14877
40338.698,0.107862
40338.698,0.186754
19190.6225,2.238495
19190.6225,0.792577
19190.6225,5.563017
11171.4758,1.607839
11171.4758,1.025046
11171.4758,0.287245
11171.4758,0.105832
10528.5285,0.064938
10528.5285,1.4151
10528.5285,3.91049
10528.5285,0.101946
10528.5285,0.142978
10528.5285,0.0871
10528.5285,0.366788
10954.1937,0.903941
10954.1937,0.080542
2784.5604,0.055525
2784.5604,0.333392
2784.5604,0.107902
2784.5604,0.107902
2784.5604,1.666
2784.5604,0.107902
2784.5604,0.811362
2784.5604,0.116002
9515.1883,4.654681
9515.1883,0.472297
9515.1883,0.352839
7042.637,1.182295
7042.637,3.782351
5445.9056,1.374483
60951.9215,0.712305
60951.9215,0.574094
60951.9215,0.366788
60951.9215,12.089628
40338.698,0.46349
40338.698,12.890082
10739.8857,4.788972
10739.8857,0.574094
8941.1073,0.197781
8941.1073,0.287245
8941.1073,0.928142
8941.1073,1.182295
8941.1073,0.384079
8941.1073,0.250858
8941.1073,1.419068
8941.1073,0.092693
8941.1073,0.167436
8941.1073,0.207167
8941.1073,0.395526
8941.1073,0.472297
12538.9385,0.339359
12538.9385,0.529737
12538.9385,0.08438
12538.9385,1.4151
12538.9385,2.121611
12538.9385,0.265814
12538.9385,0.425389
12538.9385,1.128263
12538.9385,0.837369
12538.9385,1.182295
12538.9385,0.265814
12538.9385,3.290964
12538.9385,0.158185
12538.9385,0.207167
12538.9385,0.207167
13513.045,0.56318
13513.045,1.216179
13513.045,0.039142
13513.045,1.065506
13513.045,1.065506
13513.045,1.623499
13513.045,1.065506
13513.045,0.325781
13513.045,0.132064
9911.928,0.197781
9911.928,0.712305
9911.928,0.837369
9911.928,2.285657
9911.928,0.123899
9911.928,0.1405
9911.928,0.196823
9911.928,0.207167
9911.928,0.149207
9911.928,0.039142
9911.928,0.031071
18873.0314,0.56318
18873.0314,0.56318
18873.0314,0.56318
18873.0314,0.56318
18873.0314,0.369483
18873.0314,26.17343
18873.0314,0.207167
18873.0314,0.312671
5314.6875,7.835022
5314.6875,2.121611
5314.6875,7.134681
3220.3596,0.121929
3220.3596,0.811362
3220.3596,0.034364
3220.3596,2.039743
3220.3596,0.210135
3220.3596,0.210135
3220.3596,0.574094
3220.3596,0.56318
3220.3596,0.811362
3220.3596,0.811362
3220.3596,0.731308
36199.1286,0.003128
36199.1286,3.290964
36199.1286,0.036327
36199.1286,1.993716
36199.1286,4.541197
36199.1286,0.402887
36199.1286,0.108375
36199.1286,0.167436
36199.1286,0.123899
36199.1286,0.039495
15343.1693,0.031026
15343.1693,0.031026
15343.1693,0.031799
15343.1693,0.092693
38749.553,3.555048
38749.553,0.581766
38749.553,27.791655
10114.5729,1.033142
10114.5729,1.816785
10114.5729,0.062504
10114.5729,0.033637
10114.5729,0.021997
57439.9343,0.765423
57439.9343,23.274178
57439.9343,0.062457
7364.4958,2.121611
7364.4958,0.469044
7364.4958,0.287286
11171.4758,0.811362
11171.4758,0.031071
11171.4758,1.563705
11171.4758,0.196823
11171.4758,0.116002
11171.4758,0.080542
10114.5729,3.91049
10114.5729,0.425389
5445.9056,3.530674
5445.9056,0.56318
5445.9056,0.811362
5445.9056,0.56318
5445.9056,0.56318
5445.9056,0.56318
5445.9056,0.56318
5445.9056,0.56318
5445.9056,1.666
5445.9056,1.216179
5445.9056,0.102653
5445.9056,0.066385
5445.9056,0.045154
5445.9056,0.028625
5445.9056,0.114487
5445.9056,1.623499
5445.9056,0.149207
5445.9056,0.056956
5445.9056,0.217785
5445.9056,0.217785
5445.9056,0.207167
5445.9056,0.207167
5445.9056,0.217785
5445.9056,0.207167
5445.9056,0.196823
5445.9056,0.196823
5445.9056,0.176958
5445.9056,0.1405
5445.9056,0.108375
5445.9056,0.093925
5445.9056,0.239847
5445.9056,0.056956
5445.9056,0.056956
5445.9056,0.074249
5445.9056,0.228678
5445.9056,0.228678
5445.9056,0.312671
5445.9056,0.287286
5445.9056,0.325781
5445.9056,0.339171
5445.9056,0.352839
5445.9056,0.352839
5445.9056,0.395526
5445.9056,0.472297
5445.9056,0.263012
13019.6189,0.259789
13019.6189,0.56318
13019.6189,0.56318
13019.6189,2.637879
13019.6189,0.85547
13019.6189,0.85547
13019.6189,0.186754
13019.6189,0.239847
13019.6189,0.239847
13019.6189,0.217785
13019.6189,0.146567
13019.6189,0.056956
13019.6189,0.056956
13019.6189,0.217785
13019.6189,0.366788
13019.6189,0.395526
13019.6189,0.456379
13019.6189,0.196823
13019.6189,0.456379
13019.6189,0.325781
6578.492,3.335249
6578.492,0.107862
6578.492,0.239847
4691.5851,0.56318
4691.5851,0.56318
4691.5851,0.56318
4691.5851,0.56318
4691.5851,0.064938
4691.5851,0.139452
4691.5851,0.928142
4691.5851,1.182295
4691.5851,0.028625
4691.5851,0.161928
4691.5851,0.068221
4691.5851,0.132064
4691.5851,0.123899
4691.5851,0.116002
4691.5851,0.080542
4691.5851,0.080542
4691.5851,0.068221
4691.5851,0.068221
4691.5851,0.062457
4691.5851,0.056956
4691.5851,0.056956
4691.5851,0.167436
4691.5851,0.042022
4691.5851,0.108375
4691.5851,0.013525
4691.5851,0.042022
4691.5851,0.287286
4691.5851,0.080542
4691.5851,0.456379
4691.5851,0.425389
4691.5851,0.381017
4691.5851,0.167436
4691.5851,0.287286
4691.5851,0.263012
4691.5851,0.217785
4691.5851,0.217785
4691.5851,0.217785
4691.5851,0.196823
4691.5851,0.196823
4691.5851,0.176958
4691.5851,0.176958
4691.5851,0.325781
12538.9385,50.316908
12538.9385,0.250858
12538.9385,2.366235
12538.9385,0.048356
12538.9385,0.062504
6885.4586,0.56318
6885.4586,1.745299
6885.4586,0.042022
6885.4586,0.0162
12777.6974,2.202422
12777.6974,0.712305
12777.6974,0.5653
12777.6974,2.285657
12777.6974,0.380189
7696.5071,0.354813
7696.5071,0.56318
7696.5071,0.56318
7696.5071,0.56318
7696.5071,0.041065
7696.5071,0.13338
7696.5071,1.128263
7696.5071,1.075854
7696.5071,0.174099
7696.5071,0.007982
7696.5071,0.062504
7696.5071,0.167436
7696.5071,0.101016
7696.5071,0.132064
7696.5071,0.217785
7696.5071,0.263012
7696.5071,0.299839
17044.2303,0.636059
39274.3075,0.794224
39274.3075,0.472297
39274.3075,0.339171
39274.3075,0.158185
39274.3075,0.068221
22575.2452,1.024814
7866.3762,0.118738
7866.3762,0.197781
7866.3762,0.600005
7866.3762,0.469044
7866.3762,0.039142
9321.0472,1.419068
28826.8916,0.2273
21519.3166,0.56318
21519.3166,0.033637
21519.3166,0.661007
21519.3166,0.661007
7866.3762,0.129287
7866.3762,0.423994
7866.3762,0.46349
7866.3762,0.064938
7866.3762,0.334794
7866.3762,2.87253
7866.3762,5.799605
7866.3762,1.745299
7866.3762,1.182295
7866.3762,0.837369
7866.3762,3.91049
7866.3762,0.581766
7866.3762,0.732402
7866.3762,0.055158
7866.3762,0.055158
7866.3762,0.566056
7866.3762,0.016386
7866.3762,0.083337
7866.3762,0.083337
39804.0136,0.56318
39804.0136,0.56318
39804.0136,0.031071
39804.0136,0.058762
39804.0136,29.58548
39804.0136,1.80088
39804.0136,0.062504
39804.0136,0.051717
39804.0136,0.093925
39804.0136,0.101016
39804.0136,0.108375
39804.0136,0.116002
39804.0136,0.196823
39804.0136,0.207167
39804.0136,0.207167
39804.0136,0.116002
5058.914,0.031026
5058.914,0.118738
5058.914,0.033637
5058.914,0.074572
5058.914,0.116002
10114.5729,0.250858
10114.5729,0.000095
8941.1073,0.430414
8941.1073,2.813362
8941.1073,2.457689
8941.1073,0.033637
8941.1073,0.048356
8941.1073,0.102406
8941.1073,0.116002
8941.1073,0.217785
7364.4958,1.119646
7364.4958,1.965378
7364.4958,0.093925
8213.9544,0.107862
8213.9544,0.045154
8213.9544,0.167436
8213.9544,0.080542
21519.3166,0.469044
21519.3166,0.837369
21519.3166,1.745299
21519.3166,1.816785
21519.3166,3.290964
21519.3166,3.158564
5314.6875,0.06439
5314.6875,0.312671
9911.928,0.011867
9911.928,0.010388
9911.928,0.085519
5853.1473,0.27161
5853.1473,1.688806
5853.1473,0.362254
5853.1473,0.031071
8572.1374,80.71995
8572.1374,1.890137
8572.1374,0.239847
8572.1374,0.068221
9712.1409,0.092693
9712.1409,0.010388
13019.6189,0.369483
13019.6189,0.369483
13019.6189,0.56318
13019.6189,0.56318
13019.6189,0.56318
13019.6189,0.811362
13019.6189,0.161928
13019.6189,0.217785
13019.6189,0.325781
8038.8511,0.064938
8038.8511,0.265814
8038.8511,0.226114
8038.8511,0.469044
8038.8511,0.531921
8038.8511,2.826398
8038.8511,0.039142
8038.8511,0.070407
8038.8511,0.05459
6730.751,0.058718
6730.751,0.057439
6730.751,0.007982
8572.1374,1.024814
8572.1374,0.16876
8572.1374,0.312671
8572.1374,0.287286
8572.1374,0.228678
8572.1374,0.217785
8572.1374,0.207167
8572.1374,0.196823
8572.1374,0.186754
8572.1374,0.186754
8572.1374,0.325781
8572.1374,0.0871
8572.1374,0.167436
8572.1374,0.456379
8572.1374,0.325781
8572.1374,0.538802
8572.1374,0.456379
8572.1374,0.425389
8572.1374,0.425389
8572.1374,0.366788
8572.1374,0.366788
8572.1374,0.339171
8572.1374,0.352839
8572.1374,0.352839
8572.1374,0.395526
8572.1374,0.039142
4343.336,0.011735
4343.336,0.058762
4343.336,0.00506
4343.336,0.327139
4343.336,0.051717
4343.336,0.046739
4343.336,0.046739
4343.336,0.025735
4343.336,0.167436
4343.336,0.029422
4343.336,0.186754
4343.336,0.217785
4343.336,0.228678
4343.336,0.263012
4343.336,0.325781
4343.336,0.352839
4343.336,0.472297
4343.336,0.068221
4343.336,0.132064
10739.8857,0.158185
10739.8857,0.026299
10739.8857,0.020016
1344.5104,0.064938
1344.5104,0.011972
1344.5104,0.033637
1344.5104,0.158185
8391.709,2.546754
8391.709,0.299839
13019.6189,0.55386
9911.928,2.121611
9911.928,0.080542
6281.2306,1.075854
6281.2306,0.20402
6281.2306,0.080542
37714.793,3.229102
2246.1741,0.064938
2246.1741,0.011972
2246.1741,0.031026
2246.1741,0.064938
2246.1741,0.064938
2246.1741,0.265814
2246.1741,0.384079
2246.1741,0.010388
2246.1741,0.106278
2246.1741,0.056956
2246.1741,0.207167
2246.1741,0.287286
2246.1741,0.080542
2246.1741,0.046739
5185.6975,0.56318
5185.6975,0.031026
5185.6975,1.666
5185.6975,0.083337
5185.6975,0.068221
5185.6975,0.074249
5185.6975,0.116002
5185.6975,0.196823
5185.6975,0.207167
5185.6975,0.339171
5314.6875,0.031071
5314.6875,0.472297
1344.5104,0.039142
10954.1937,0.06332
10954.1937,0.013183
10954.1937,0.010388
10954.1937,0.186754
17639.3764,2.020847
17639.3764,0.826913
17639.3764,0.011972
17639.3764,0.092693
17639.3764,15.662409
17639.3764,0.794224
17639.3764,0.039142
17639.3764,0.922229
17639.3764,0.046739
1609.6721,0.574094
1609.6721,0.210135
1553.9507,0.118738
7202.3086,3.040197
7202.3086,2.202422
7202.3086,0.167593
7202.3086,0.074572
1725.2835,1.419068
1026.8211,0.198875
1026.8211,62.324257
1026.8211,0.031799
1026.8211,0.226114
1026.8211,0.265814
1026.8211,3.335249
1026.8211,0.250858
1026.8211,0.092693
1026.8211,0.062504
1026.8211,0.048356
1026.8211,0.026299
1026.8211,0.039142
1026.8211,0.039142
582.3719,0.078882
582.3719,0.033364
2246.1741,0.064938
2246.1741,0.031026
2246.1741,4.963584
7696.5071,0.474753
7696.5071,1.80088
7696.5071,2.238495
7696.5071,2.238495
7696.5071,2.2147
7696.5071,2.2147
7696.5071,1.666
7696.5071,11.868317
7696.5071,1.623499
528.7966,0.2273
528.7966,0.068221
18873.0314,1.025046
1068.5888,0.287245
1068.5888,0.020016
871.1243,0.118738
871.1243,0.064938
871.1243,0.043563
871.1243,0.020016
871.1243,0.048356
871.1243,0.048356
871.1243,0.033637
871.1243,0.026299
871.1243,0.002897
871.1243,0.020016
871.1243,0.013183
871.1243,0.010388
871.1243,0.010388
871.1243,0.062504
871.1243,0.021997
871.1243,0.062504
871.1243,0.046739
871.1243,0.123899
871.1243,0.299839
871.1243,0.239847
871.1243,0.186754
871.1243,0.167436
871.1243,0.158185
871.1243,0.1405
871.1243,0.101016
871.1243,0.101016
871.1243,0.0871
871.1243,0.080542
871.1243,0.080542
871.1243,0.068221
871.1243,0.123899
871.1243,0.010037
871.1243,0.003117
871.1243,0.11514
871.1243,0.039142
871.1243,0.010388
555.1322,0.039142
555.1322,0.048356
555.1322,0.021997
908.3792,0.067451
908.3792,0.070407
908.3792,0.104133
908.3792,0.068221
908.3792,0.101016
908.3792,0.1405
908.3792,0.1405
908.3792,0.158185
908.3792,0.042022
908.3792,0.434053
908.3792,0.070407
1026.8211,0.27161
1026.8211,0.2174
1026.8211,0.011972
1026.8211,0.064938
1026.8211,0.064938
1026.8211,0.064938
1026.8211,0.064938
1026.8211,0.064938
1026.8211,0.031026
1026.8211,0.011972
1026.8211,0.031026
1026.8211,0.118738
1026.8211,0.118738
1026.8211,0.118738
1026.8211,0.118738
1026.8211,0.197781
1026.8211,0.197781
1026.8211,5.893814
1026.8211,0.928142
1026.8211,0.117761
1026.8211,0.016386
1026.8211,0.11875
799.8433,0.009276
799.8433,0.009138
799.8433,0.499074
799.8433,0.046739
799.8433,0.167453
329.6253,0.074572
329.6253,0.080542
293.8722,0.031026
293.8722,0.712305
293.8722,0.002754
293.8722,0.85547
293.8722,0.028625
293.8722,0.031071
293.8722,0.048356
293.8722,0.190281
293.8722,0.149207
293.8722,0.056956
293.8722,0.068221
478.7686,0.174099
478.7686,0.009138
478.7686,0.021997
478.7686,0.045154
478.7686,0.070407
478.7686,0.021997
478.7686,0.022304
478.7686,0.207167
528.7966,0.003128
528.7966,0.003128
528.7966,0.056956
528.7966,0.1405
528.7966,0.022304
528.7966,0.042022
528.7966,0.046739
528.7966,0.051717
528.7966,0.068221
528.7966,0.074249
528.7966,0.217785
528.7966,0.132064
528.7966,0.068221
528.7966,0.158185
528.7966,0.116002
1201.0124,0.021997
1201.0124,0.021997
1201.0124,0.538802
1201.0124,0.004259
1201.0124,0.020016
1201.0124,0.039142
1201.0124,0.021997
503.3479,0.013183
503.3479,0.08438
503.3479,0.342798
503.3479,0.010388
503.3479,0.016386
503.3479,0.021997
503.3479,0.062504
503.3479,0.083337
503.3479,0.031071
503.3479,0.119452
503.3479,0.0871
503.3479,0.0871
503.3479,0.026299
503.3479,0.016386
503.3479,0.016386
503.3479,0.002897
1068.5888,0.011972
1068.5888,1.607839
1068.5888,0.712305
1068.5888,1.182295
1068.5888,0.039142
1068.5888,0.070407
610.5332,0.118738
610.5332,0.064938
610.5332,0.031026
610.5332,0.15867
610.5332,0.046739
610.5332,0.051717
610.5332,0.116002
610.5332,0.196823
610.5332,0.068221
610.5332,0.074249
1201.0124,0.011867
1201.0124,0.124431
1201.0124,0.033637
1201.0124,0.097437
1201.0124,0.042022
1201.0124,0.167436
1201.0124,0.366788
1201.0124,0.046739
1201.0124,0.016386
1201.0124,0.020016
6136.1837,0.672639
6136.1837,0.228678
368.3156,0.056956
871.1243,0.011972
871.1243,0.005257
871.1243,0.011867
871.1243,0.022314
871.1243,5.065016
871.1243,0.425537
871.1243,0.010388
871.1243,0.021997
871.1243,0.062504
871.1243,0.074572
871.1243,0.045154
871.1243,0.0871
871.1243,0.075303
871.1243,0.021997
432.1499,0.197781
432.1499,0.197781
432.1499,0.307708
432.1499,0.048356
432.1499,0.366788
432.1499,0.039142
555.1322,0.011972
555.1322,0.031026
555.1322,0.009276
555.1322,0.025385
555.1322,0.009138
555.1322,0.011735
555.1322,0.02409
555.1322,0.031071
555.1322,0.20402
555.1322,0.056956
555.1322,0.186754
555.1322,0.042022
555.1322,0.207167
555.1322,0.196823
555.1322,0.167436
555.1322,0.123899
555.1322,0.068221
555.1322,0.068221
555.1322,0.056956
555.1322,0.143387
555.1322,0.045154
293.8722,0.014732
293.8722,0.020016
293.8722,0.146567
293.8722,0.258291
293.8722,0.146567
293.8722,0.067047
293.8722,0.258291
293.8722,0.258291
293.8722,0.258291
293.8722,0.402887
293.8722,0.258291
700.7228,0.011867
700.7228,0.161928
432.1499,0.064938
432.1499,0.039142
432.1499,0.113228
432.1499,0.068221
432.1499,0.0162
432.1499,0.025735
432.1499,0.037564
432.1499,0.042022
432.1499,0.051717
432.1499,0.062457
432.1499,0.062457
432.1499,0.074249
432.1499,0.080542
432.1499,0.108375
432.1499,0.116002
432.1499,0.116002
432.1499,0.132064
1295.4159,0.043563
1295.4159,0.045154
1295.4159,0.055158
23666.9,0.636059
23666.9,0.050368
23666.9,0.794224
23666.9,0.14877
23666.9,2.015207
23666.9,2.015207
23666.9,5.563017
23666.9,15.372775
293.8722,0.116002
293.8722,0.004259
1785.2122,0.031026
1785.2122,0.0871
1785.2122,0.0871
1785.2122,0.080542
1785.2122,0.068221
1785.2122,0.033364
1785.2122,0.456379
1785.2122,0.0871
1785.2122,0.108375
1785.2122,0.116002
1785.2122,0.116002
1785.2122,0.1405
1785.2122,0.158185
1785.2122,0.228678
1785.2122,0.196823
1785.2122,0.108375
1785.2122,0.006919
1785.2122,0.11875
1785.2122,0.064938
1785.2122,0.469044
1785.2122,0.045154
1785.2122,0.045154
1785.2122,0.048356
432.1499,0.121562
432.1499,0.161928
432.1499,0.087941
432.1499,0.028625
432.1499,0.062457
432.1499,0.056956
432.1499,0.051717
432.1499,0.488498
432.1499,0.070524
700.7228,0.031026
700.7228,0.105832
700.7228,0.031071
700.7228,0.092693
700.7228,0.061597
700.7228,0.026299
700.7228,0.016386
1344.5104,0.236342
1344.5104,1.879604
1344.5104,0.712305
1344.5104,0.265814
311.3899,0.031071
311.3899,0.019126
669.691,0.011972
669.691,0.064938
669.691,0.600005
669.691,0.020016
669.691,0.0871
669.691,0.061597
669.691,0.031071
669.691,0.062504
986.2093,0.105832
986.2093,1.182295
986.2093,0.00921
986.2093,0.031071
986.2093,0.016386
986.2093,0.009138
432.1499,0.031026
432.1499,0.08438
432.1499,0.002897
432.1499,0.013183
432.1499,0.016386
432.1499,0.016386
432.1499,0.028625
432.1499,0.6585
432.1499,0.042022
432.1499,0.019126
432.1499,0.025735
432.1499,0.080542
432.1499,0.037564
432.1499,0.116002
432.1499,0.042022
432.1499,0.068221
432.1499,0.046739
432.1499,0.046739
432.1499,0.046739
432.1499,0.101016
908.3792,0.011972
908.3792,0.010388
908.3792,0.033637
908.3792,0.124431
908.3792,0.074572
908.3792,0.119452
908.3792,0.116002
908.3792,0.046739
908.3792,0.080542
908.3792,0.158185
908.3792,0.167436
908.3792,0.228678
908.3792,0.325781
669.691,0.093925
669.691,0.149207
669.691,0.146567
432.1499,0.080542
432.1499,0.010388
432.1499,0.062504
639.6337,0.031026
639.6337,0.064938
639.6337,0.064938
639.6337,0.050368
639.6337,0.018323
639.6337,0.00921
639.6337,0.001025
639.6337,0.00921
639.6337,0.00921
639.6337,0.00921
639.6337,0.00921
639.6337,0.00921
639.6337,0.1405
2467.0296,0.121929
2467.0296,3.462592
2467.0296,2.734396
2467.0296,2.238495
2467.0296,0.210135
2467.0296,1.666
2467.0296,0.85547
2467.0296,0.362254
2467.0296,0.906924
2467.0296,0.327139
2467.0296,0.046739
2467.0296,0.146567
2467.0296,0.123899
2467.0296,0.116002
2467.0296,0.207167
2467.0296,0.101016
2467.0296,0.108375
2467.0296,0.196823
2467.0296,0.2341
1394.8921,0.011972
1394.8921,0.197781
1394.8921,0.197781
1394.8921,0.307708
1394.8921,0.065963
1394.8921,1.419068
1394.8921,0.167436
1394.8921,0.0162
1394.8921,0.062457
1394.8921,0.0871
1394.8921,0.176958
1394.8921,0.207167
1394.8921,0.287286
1394.8921,0.167436
1394.8921,0.108375
1394.8921,0.011735
1394.8921,0.001411
1394.8921,0.005946
1068.5888,27.130096
1068.5888,0.581766
1068.5888,0.045692
1068.5888,0.107902
1068.5888,0.210135
9712.1409,5.367104
9712.1409,0.121929
9712.1409,3.290964
9712.1409,0.511914
1247.5895,0.287286
18248.9113,0.12307
31454.4865,1.623499
31454.4865,0.352839
12777.6974,0.031799
12777.6974,0.124431
12777.6974,0.158185
14803.6265,38.053459
14803.6265,0.794224
14803.6265,0.055158
14803.6265,0.045154
14803.6265,0.039142
14803.6265,0.074572
14803.6265,0.083337
12303.3186,0.064155
12303.3186,0.310442
12303.3186,43.132865
12303.3186,0.080542
12303.3186,0.263012
9321.0472,0.661851
9321.0472,0.531921
9321.0472,2.121611
9321.0472,0.074572
9321.0472,0.020016
9321.0472,0.033637
9321.0472,0.039142
9321.0472,0.048356
9321.0472,0.074572
9321.0472,0.083337
9321.0472,0.116002
9321.0472,0.263012
9321.0472,0.096647
12070.814,1.745299
12070.814,0.031071
12070.814,0.186754
12070.814,0.239847
12070.814,0.048356
12070.814,0.107862
6281.2306,0.837369
6281.2306,1.816785
6281.2306,0.06332
6281.2306,0.055158
6281.2306,0.158185
6281.2306,0.046739
12777.6974,0.46349
12777.6974,0.439499
10739.8857,6.324217
10739.8857,0.021997
16751.9918,14.188618
16751.9918,32.968946
16751.9918,0.190466
16751.9918,1.816785
16751.9918,1.477582
16751.9918,1.419068
16751.9918,0.161928
16751.9918,1.184357
8391.709,0.011972
8391.709,0.062504
8391.709,0.006919
8391.709,0.080542
8391.709,0.123899
10739.8857,0.064938
10739.8857,0.022314
10739.8857,1.237972
10739.8857,1.965378
10739.8857,3.91049
10739.8857,0.05169
10739.8857,0.058762
10739.8857,0.0162
10739.8857,0.037564
10739.8857,0.080542
10739.8857,0.101016
10739.8857,0.033637
10739.8857,0.14877
9129.6945,2.202422
9129.6945,0.198875
9129.6945,0.031026
9129.6945,0.600005
9129.6945,0.5653
9129.6945,0.712305
9129.6945,0.226114
9129.6945,1.469671
9129.6945,0.101016
9129.6945,0.149207
1446.5799,0.644036
1446.5799,0.454415
1446.5799,0.882918
1446.5799,0.002754
1446.5799,2.2147
1446.5799,1.666
1446.5799,1.666
1446.5799,1.666
1446.5799,2.2147
1446.5799,2.2147
1446.5799,0.028625
1446.5799,0.155265
1446.5799,0.633443
1446.5799,0.499074
1394.8921,0.064938
1394.8921,0.325781
1394.8921,0.325781
1394.8921,0.299839
1394.8921,0.207167
1394.8921,0.0871
1394.8921,0.325781
1394.8921,0.158185
1394.8921,0.352839
1394.8921,0.366788
1394.8921,0.366788
1394.8921,0.366788
1394.8921,0.456379
1394.8921,0.472297
1394.8921,0.352839
1394.8921,0.325781
8755.2625,2.285657
8755.2625,0.384079
8755.2625,1.816785
7529.2211,0.011972
7529.2211,0.092693
7529.2211,0.2341
6578.492,0.727306
6578.492,0.2174
6578.492,0.307708
11841.4009,1.024814
11841.4009,0.064938
11841.4009,0.600005
11841.4009,1.419068
503.3479,0.019126
503.3479,0.025735
503.3479,0.037564
503.3479,0.042022
503.3479,0.068221
503.3479,0.101016
503.3479,0.062457
9911.928,0.118738
9911.928,0.062504
9129.6945,1.92717
9129.6945,0.011972
9129.6945,0.00921
9129.6945,0.00921
432.1499,0.003128
432.1499,0.042022
432.1499,0.080542
432.1499,0.080542
432.1499,0.062457
432.1499,0.062457
432.1499,0.051717
432.1499,0.051717
432.1499,0.046739
432.1499,0.037564
432.1499,0.022304
432.1499,0.116002
432.1499,0.080542
432.1499,0.046739
432.1499,0.1405
432.1499,0.0871
432.1499,0.275011
432.1499,0.239847
432.1499,0.207167
432.1499,0.108375
432.1499,0.196823
432.1499,0.132064
432.1499,0.132064
432.1499,0.116002
432.1499,0.325781
432.1499,0.108375
432.1499,0.196823
5185.6975,0.287245
5185.6975,0.043563
5185.6975,0.265814
5185.6975,0.107902
5185.6975,1.795808
528.7966,0.506664
528.7966,0.116002
6136.1837,3.023416
6136.1837,2.370664
6136.1837,0.074572
7696.5071,0.387864
7696.5071,17.378172
7696.5071,1.182295
7696.5071,1.090459
7696.5071,0.1405
7696.5071,0.056956
7696.5071,0.1405
478.7686,0.031026
478.7686,0.003128
478.7686,0.011972
478.7686,0.031026
478.7686,0.031026
478.7686,0.003128
478.7686,0.064938
478.7686,0.064938
478.7686,0.031026
478.7686,0.013183
478.7686,0.011735
478.7686,0.020016
478.7686,0.113228
478.7686,0.046739
478.7686,0.207167
478.7686,0.02583
478.7686,0.042721
478.7686,0.009138
8755.2625,1.295317
8755.2625,4.141905
8755.2625,1.795808
8755.2625,0.661007
8755.2625,0.661007
368.3156,0.064938
368.3156,0.000315
368.3156,0.011972
368.3156,0.003128
368.3156,0.003128
368.3156,0.190466
368.3156,0.028625
368.3156,0.020016
368.3156,0.018147
368.3156,0.031071
368.3156,0.022304
368.3156,0.062457
368.3156,0.056956
368.3156,0.056956
368.3156,0.051717
368.3156,0.046739
368.3156,0.037564
368.3156,0.037564
368.3156,0.033364
368.3156,0.176958
368.3156,0.068221
368.3156,0.108375
368.3156,0.472297
368.3156,0.299839
368.3156,0.217785
368.3156,0.123899
368.3156,0.116002
368.3156,0.116002
368.3156,0.116002
368.3156,0.108375
368.3156,0.068221
368.3156,0.101016
368.3156,0.093925
368.3156,0.093925
368.3156,0.093925
368.3156,0.0871
368.3156,0.080542
368.3156,0.074249
368.3156,0.068221
368.3156,0.108375
7202.3086,0.46349
7202.3086,1.090459
202.9283,0.031026
202.9283,0.031026
202.9283,0.011735
202.9283,0.093925
202.9283,0.080542
202.9283,0.074249
202.9283,0.068221
202.9283,0.0162
13019.6189,2.285657
5579.3737,3.158564
5579.3737,0.037564
60237.8318,0.055525
60237.8318,0.121929
60237.8318,0.055525
60237.8318,4.266482
60237.8318,15.867528
60237.8318,2.366235
60237.8318,2.366235
60237.8318,2.366235
60237.8318,2.366235
60237.8318,2.366235
60237.8318,2.366235
60237.8318,2.366235
60237.8318,2.366235
60237.8318,2.366235
60237.8318,2.366235
60237.8318,2.366235
60237.8318,2.366235
60237.8318,1.623499
60237.8318,2.366235
60237.8318,2.366235
60237.8318,2.366235
60237.8318,2.366235
60237.8318,2.366235
60237.8318,1.623499
60237.8318,1.623499
60237.8318,2.366235
60237.8318,1.623499
60237.8318,1.065506
60237.8318,1.623499
60237.8318,4.541197
60237.8318,3.327035
60237.8318,6.045919
60237.8318,4.541197
60237.8318,4.541197
60237.8318,4.541197
60237.8318,4.541197
60237.8318,3.327035
60237.8318,3.327035
60237.8318,3.327035
60237.8318,3.327035
60237.8318,3.327035
60237.8318,3.327035
60237.8318,4.541197
60237.8318,3.327035
60237.8318,3.327035
60237.8318,3.327035
60237.8318,3.327035
60237.8318,3.327035
60237.8318,3.327035
60237.8318,3.327035
60237.8318,3.327035
60237.8318,3.327035
60237.8318,3.327035
60237.8318,3.327035
60237.8318,3.327035
60237.8318,0.025735
1026.8211,0.118738
1026.8211,0.022314
1026.8211,0.226114
1026.8211,0.021997
1026.8211,0.197801
1026.8211,0.056956
1026.8211,0.228678
503.3479,0.011972
503.3479,0.031026
503.3479,0.003128
503.3479,0.103788
503.3479,1.816785
503.3479,0.066385
503.3479,0.731308
503.3479,0.062457
503.3479,0.046739
503.3479,0.056956
503.3479,0.116002
503.3479,0.116002
503.3479,0.158185
9911.928,0.070407
9911.928,0.011317
1026.8211,0.064938
1026.8211,1.477582
1026.8211,0.00921
1026.8211,0.00921
1026.8211,0.380189
528.7966,0.064938
528.7966,0.002754
528.7966,0.068221
528.7966,0.037564
528.7966,0.037564
528.7966,0.080542
528.7966,0.0871
528.7966,0.186754
528.7966,0.186754
528.7966,0.074249
329.6253,0.108375
329.6253,0.033364
329.6253,0.025735
13513.045,0.026299
1155.6658,0.031026
1155.6658,0.226114
1155.6658,1.607839
1155.6658,1.607839
1155.6658,3.023416
1155.6658,1.182295
6428.6593,0.330256
6428.6593,0.016386
1553.9507,0.009138
1553.9507,0.101016
1553.9507,0.167436
1394.8921,0.107862
1394.8921,0.101016
5058.914,0.121562
5058.914,0.673484
5058.914,0.358156
5058.914,2.238495
5058.914,0.051717
5058.914,0.051717
5058.914,0.056956
5058.914,0.116002
5058.914,0.239847
5058.914,0.196823
5058.914,0.196823
5058.914,0.186754
2039.5375,0.210135
27986.314,27.599473
27986.314,40.102996
27986.314,1.025046
27986.314,0.411186
27986.314,1.666
27986.314,5.448457
27986.314,0.048356
27986.314,0.028625
27986.314,0.011735
27986.314,0.068221
27986.314,0.051717
27986.314,0.046739
27986.314,0.068221
27986.314,0.025735
27986.314,0.101016
27986.314,0.123899
27986.314,0.207167
986.2093,0.118738
986.2093,0.064938
9712.1409,1.354352
9712.1409,1.237972
9712.1409,2.238495
9712.1409,0.85547
9712.1409,0.019126
9712.1409,0.207167
9712.1409,0.217785
1247.5895,0.064938
8213.9544,0.250858
8213.9544,0.731308
8213.9544,1.428701
8213.9544,0.196823
8213.9544,0.051717
8213.9544,0.108375
8213.9544,0.186754
8213.9544,0.228678
8213.9544,0.381017
8213.9544,0.502401
1155.6658,0.064938
1155.6658,0.118738
1155.6658,0.020016
1155.6658,0.028625
1155.6658,0.006919
1155.6658,0.042022
6885.4586,0.287286
6885.4586,0.025735
6885.4586,0.123899
6885.4586,0.132064
6885.4586,0.158185
6885.4586,0.381017
6885.4586,0.395526
6885.4586,0.149207
6578.492,1.182295
6578.492,0.116002
6578.492,0.037564
6578.492,0.051717
6578.492,0.051717
6578.492,0.074249
6578.492,0.108375
6578.492,0.108375
6578.492,0.149207
6578.492,0.158185
6578.492,0.158185
6578.492,0.176958
6578.492,0.186754
6578.492,0.258291
6578.492,0.239847
6885.4586,0.0163
700.7228,0.661851
700.7228,0.197781
700.7228,0.107862
700.7228,0.186754
700.7228,0.287286
7364.4958,1.675657
7364.4958,0.20402
7364.4958,0.116002
7364.4958,0.029422
582.3719,0.064938
582.3719,0.197781
582.3719,2.238495
582.3719,0.352839
8941.1073,0.643025
8941.1073,0.354813
8941.1073,0.2273
8941.1073,0.811362
8941.1073,0.811362
8941.1073,0.469044
8941.1073,1.666
8941.1073,0.101016
8941.1073,0.116002
8941.1073,0.251291
8941.1073,0.046739
8941.1073,0.352839
8941.1073,0.263012
5579.3737,0.85547
5579.3737,0.132064
700.7228,0.118738
700.7228,0.107862
700.7228,0.158185
700.7228,0.010388
5993.4967,0.056956
5993.4967,0.051717
10739.8857,2.546754
10739.8857,0.039142
10739.8857,0.122184
10739.8857,0.325781
10739.8857,0.011099
10739.8857,0.031314
4691.5851,1.119646
4691.5851,0.031026
4691.5851,0.064938
4691.5851,0.064938
4691.5851,0.028625
4691.5851,0.056956
4691.5851,0.207167
5993.4967,3.530674
5993.4967,0.174099
5993.4967,0.167436
6578.492,1.396044
6578.492,1.139936
6578.492,3.040197
6578.492,2.39481
6578.492,0.064938
6578.492,0.003128
6578.492,14.930006
6578.492,0.103788
6578.492,2.734396
6578.492,2.734396
6578.492,2.734396
6578.492,0.102653
6578.492,0.456379
1609.6721,0.197781
1609.6721,0.042159
1609.6721,0.016386
1609.6721,0.080542
1609.6721,0.207167
1609.6721,0.228678
1609.6721,0.299839
1609.6721,0.1405
5853.1473,1.024814
5853.1473,3.040197
5853.1473,2.813362
5853.1473,2.813362
5853.1473,2.598345
5853.1473,2.39481
5853.1473,1.849752
5853.1473,1.849752
5853.1473,1.849752
5853.1473,0.319081
5853.1473,0.5653
5853.1473,0.794224
5853.1473,0.85547
5853.1473,0.011735
5853.1473,0.028625
5853.1473,0.062504
5853.1473,0.055158
5853.1473,0.036327
5853.1473,0.026299
5853.1473,0.045154
5853.1473,0.06439
5853.1473,0.149207
5853.1473,0.186754
5853.1473,0.0871
5853.1473,0.101016
5853.1473,0.101016
5853.1473,0.116002
5853.1473,0.123899
5853.1473,0.132064
5853.1473,0.167436
5853.1473,0.158185
5853.1473,0.132064
5853.1473,0.080542
5853.1473,0.068221
5853.1473,0.056956
5853.1473,0.056956
5853.1473,0.051717
5853.1473,0.196823
5853.1473,0.325781
5853.1473,0.196823
5853.1473,0.207167
5853.1473,0.196823
5853.1473,0.196823
5853.1473,0.207167
5853.1473,0.456379
5853.1473,0.239847
5853.1473,0.239847
5853.1473,0.263012
5853.1473,0.275011
5853.1473,0.312671
5853.1473,0.207167
986.2093,0.022314
986.2093,0.062504
4343.336,0.011735
4343.336,0.031071
4343.336,0.036327
4343.336,0.078512
4343.336,0.051717
4343.336,0.158185
4343.336,0.176958
4343.336,0.207167
4343.336,0.196823
4343.336,0.013183
10739.8857,0.042721
3601.7126,1.263571
3601.7126,0.064938
3601.7126,0.287245
3601.7126,2.370664
3601.7126,0.029422
3601.7126,0.080542
3601.7126,0.080542
3601.7126,0.080542
3601.7126,0.101016
3601.7126,0.074249
3601.7126,0.068221
3601.7126,0.068221
3601.7126,0.056956
3601.7126,0.013525
3601.7126,0.217785
3601.7126,0.062457
3601.7126,0.312671
3601.7126,0.116002
3601.7126,0.275011
3601.7126,0.239847
3601.7126,0.207167
3601.7126,0.207167
3601.7126,0.207167
3601.7126,0.176958
3601.7126,0.158185
4121.484,5.893814
4121.484,0.045154
4121.484,0.182935
4121.484,0.062504
4121.484,0.287286
4121.484,0.014204
4121.484,0.062504
1785.2122,0.198875
1785.2122,0.064938
1785.2122,0.031026
1785.2122,0.064938
1785.2122,0.118738
1785.2122,0.118738
1785.2122,0.197781
1785.2122,0.197781
1785.2122,0.161928
1785.2122,0.113228
1785.2122,0.028625
1785.2122,0.042084
1785.2122,0.031071
6428.6593,0.062457
6428.6593,0.116002
6428.6593,0.108375
6428.6593,0.093925
6428.6593,0.0871
6428.6593,0.0871
6428.6593,0.0871
6428.6593,0.080542
6428.6593,0.080542
6428.6593,0.074249
6428.6593,0.056956
6428.6593,0.013525
6428.6593,0.056956
6428.6593,0.116002
6428.6593,0.074249
6428.6593,0.207167
6428.6593,0.123899
6428.6593,0.325781
6428.6593,0.029422
6428.6593,0.251291
6428.6593,0.217785
6428.6593,0.207167
6428.6593,0.196823
6428.6593,0.196823
6428.6593,0.186754
6428.6593,0.158185
6428.6593,0.158185
6428.6593,0.149207
6428.6593,0.123899
6428.6593,0.228678
14803.6265,0.048356
14803.6265,0.080542
14803.6265,0.158185
14803.6265,0.263012
14803.6265,0.207167
14803.6265,0.116002
834.9517,0.048356
986.2093,0.031026
986.2093,0.045692
986.2093,0.00921
986.2093,0.00921
5445.9056,0.116002
871.1243,0.2273
871.1243,0.903941
871.1243,0.031026
871.1243,0.031026
871.1243,0.011972
871.1243,0.118738
871.1243,0.197781
871.1243,0.118738
871.1243,0.031799
871.1243,0.265814
871.1243,0.581766
871.1243,0.250858
871.1243,0.055525
871.1243,0.055525
871.1243,0.026299
871.1243,0.039142
871.1243,0.1405
871.1243,0.239847
871.1243,0.016386
871.1243,0.033637
871.1243,0.039142
871.1243,0.010388
9129.6945,0.123899
9129.6945,0.068221
6730.751,2.121611
6578.492,0.224434
6578.492,0.224434
6578.492,0.369483
6578.492,0.369483
6578.492,0.369483
1446.5799,0.011972
1446.5799,0.064938
1446.5799,0.064938
1446.5799,0.118738
1446.5799,0.116002
1446.5799,0.325781
1446.5799,0.123899
1446.5799,0.167436
1446.5799,0.228678
1446.5799,0.239847
1446.5799,0.101016
1446.5799,0.048356
29684.9754,1.477582
29684.9754,0.5653
29684.9754,1.182295
29684.9754,0.794224
29684.9754,0.083337
29684.9754,0.239847
29684.9754,0.116002
29684.9754,0.207167
29684.9754,0.352839
29684.9754,0.287286
9129.6945,0.794224
9129.6945,0.1405
7529.2211,0.430414
7529.2211,1.349584
7529.2211,0.197781
7529.2211,0.837369
4457.3349,29.58548
4457.3349,0.1405
4457.3349,0.046739
4457.3349,0.045154
5314.6875,0.031071
5314.6875,0.021997
5314.6875,0.074572
5314.6875,0.127676
8572.1374,0.81882
8572.1374,0.3314
8572.1374,0.207167
8572.1374,0.207167
7866.3762,0.021997
7866.3762,0.031071
7866.3762,0.039142
7866.3762,0.083337
7866.3762,0.092693
7866.3762,0.070524
7866.3762,0.048356
7866.3762,0.045154
6885.4586,1.688806
6885.4586,0.794224
6885.4586,0.062504
6885.4586,0.048356
7042.637,1.182295
7042.637,0.181519
7042.637,0.11875
7364.4958,0.81882
7364.4958,0.031026
7364.4958,1.4151
7364.4958,0.469044
7364.4958,0.239847
7364.4958,0.287286
4573.4108,0.031026
4573.4108,0.031026
4934.3151,0.794224
4934.3151,1.745299
4934.3151,0.006919
4934.3151,0.062504
4934.3151,0.039142
4934.3151,0.080542
4934.3151,0.033637
4934.3151,0.009138
4934.3151,0.020016
4934.3151,0.021997
4934.3151,0.062504
4934.3151,0.021997
4934.3151,0.011972
4934.3151,0.005946
4934.3151,0.039142
4231.3928,3.040197
4231.3928,0.643025
4231.3928,0.605452
4231.3928,2.457689
4231.3928,6.599778
4231.3928,0.210135
4231.3928,0.56318
4231.3928,3.633094
4231.3928,3.633094
4231.3928,2.535596
1344.5104,0.007083
1344.5104,0.026299
1344.5104,0.207167
1344.5104,0.239847
1344.5104,0.033637
1785.2122,0.197781
7202.3086,3.530674
7202.3086,2.020847
7202.3086,0.021997
7202.3086,0.016386
7202.3086,0.009138
7202.3086,1.329536
7202.3086,0.325781
669.691,0.064938
669.691,0.531921
669.691,0.123899
669.691,0.068221
669.691,0.046739
8213.9544,0.021997
8213.9544,0.143387
1201.0124,0.644036
1201.0124,0.197781
946.7348,0.062504
8572.1374,0.070407
8572.1374,0.016386
834.9517,0.031071
834.9517,0.021997
834.9517,0.033637
834.9517,0.124431
834.9517,0.107862
834.9517,0.019425
834.9517,0.070524
834.9517,0.010388
834.9517,0.009138
834.9517,0.026299
834.9517,0.045154
7042.637,0.01361
1553.9507,0.531921
1553.9507,0.045692
1553.9507,0.0871
1553.9507,0.176958
1553.9507,0.1405
946.7348,0.011972
946.7348,0.009138
946.7348,0.009138
946.7348,0.031071
946.7348,0.031071
946.7348,0.074572
946.7348,0.239847
946.7348,0.002897
799.8433,0.031026
799.8433,0.031071
669.691,0.064938
669.691,0.228678
6428.6593,0.945105
6428.6593,0.945105
6428.6593,0.031026
6428.6593,0.246655
6428.6593,43.665666
6428.6593,1.890137
6428.6593,3.91049
6428.6593,0.207167
1068.5888,0.031026
1068.5888,0.312671
1068.5888,0.108375
1068.5888,0.132064
1068.5888,0.1405
1068.5888,0.132064
1068.5888,0.123899
1068.5888,0.101016
1068.5888,0.0871
1068.5888,0.068221
1068.5888,0.056956
1068.5888,0.025735
1068.5888,0.1405
1068.5888,0.239847
1068.5888,0.275011
1068.5888,0.158185
1068.5888,0.325781
1068.5888,0.352839
1068.5888,0.325781
1068.5888,0.239847
1068.5888,0.207167
1068.5888,0.186754
1068.5888,0.176958
1068.5888,0.167436
1068.5888,0.167436
1068.5888,0.287286
799.8433,15.425281
799.8433,0.006919
799.8433,0.581201
799.8433,0.056956
799.8433,0.0871
799.8433,0.1405
799.8433,0.263012
799.8433,0.03644
11615.0559,1.354352
11615.0559,0.174099
260.9249,0.85547
260.9249,0.502401
1111.5308,0.055158
3701.7676,0.064938
3701.7676,0.644036
3701.7676,0.064938
3701.7676,2.2147
3701.7676,0.102653
871.1243,0.118738
871.1243,0.045692
871.1243,0.045692
871.1243,0.045692
871.1243,0.089376
2784.5604,1.666
1155.6658,0.319081
1155.6658,2.018021
1155.6658,0.018323
1155.6658,0.362254
1155.6658,0.362254
1155.6658,0.210135
1155.6658,0.013183
946.7348,0.064938
946.7348,0.031026
946.7348,0.025735
946.7348,0.046739
799.8433,0.366788
799.8433,0.046739
5579.3737,76.193084
1553.9507,0.064938
1553.9507,0.064938
1553.9507,0.197781
1553.9507,0.092727
1553.9507,0.207167
1553.9507,0.325781
1553.9507,0.352839
1553.9507,0.020016
76.1931,3.554255
76.1931,0.436049
1111.5308,0.070407
1111.5308,0.287286
1111.5308,0.068221
4457.3349,0.224434
4457.3349,1.182295
4457.3349,0.210135
4457.3349,0.123899
1155.6658,0.118738
1155.6658,0.031026
1155.6658,0.007083
1155.6658,0.287245
1155.6658,0.712305
1155.6658,0.101016
1155.6658,0.263012
5185.6975,1.666
5185.6975,0.107902
5185.6975,0.045692
5185.6975,0.107902
5185.6975,0.107902
5185.6975,0.107902
5185.6975,1.666
5185.6975,1.666
5185.6975,0.107902
478.7686,0.003128
478.7686,0.011972
478.7686,0.031026
478.7686,0.010388
478.7686,0.016386
478.7686,0.039142
478.7686,0.103491
478.7686,0.029422
478.7686,0.0162
478.7686,0.022304
478.7686,0.037564
478.7686,0.046739
478.7686,0.051717
478.7686,0.056956
478.7686,0.068221
478.7686,0.068221
799.8433,0.118738
799.8433,0.118738
799.8433,0.118738
799.8433,0.064938
799.8433,0.064938
799.8433,0.011972
799.8433,0.011972
799.8433,0.031026
799.8433,0.031026
799.8433,0.307708
799.8433,0.307708
799.8433,0.197781
799.8433,0.197781
799.8433,0.116002
799.8433,0.101016
799.8433,0.093925
799.8433,0.056956
799.8433,0.573757
799.8433,0.488498
799.8433,0.425389
799.8433,0.123899
799.8433,0.251291
799.8433,0.217785
799.8433,0.207167
799.8433,0.186754
799.8433,0.158185
799.8433,0.352839
799.8433,0.005901
5853.1473,2.202622
5853.1473,0.928142
5853.1473,0.752544
908.3792,0.064938
908.3792,0.118738
908.3792,0.064938
908.3792,0.00921
4691.5851,1.92293
1155.6658,2.238495
2953.5725,0.85547
2953.5725,1.428701
1247.5895,0.031026
1247.5895,0.031026
1247.5895,0.118738
1247.5895,0.064938
1247.5895,0.197781
1247.5895,0.197781
1247.5895,0.287245
1247.5895,0.116002
1247.5895,0.167436
1247.5895,0.116002
1247.5895,0.108375
1247.5895,0.101016
1247.5895,0.056956
1247.5895,0.167436
1247.5895,0.275011
1247.5895,0.186754
1247.5895,0.366788
1247.5895,0.312671
1247.5895,0.132064
1247.5895,0.239847
1247.5895,0.228678
1247.5895,0.228678
1247.5895,0.217785
1247.5895,0.207167
1247.5895,0.299839
15343.1693,1.139936
15343.1693,0.064938
15343.1693,14.4328
15343.1693,27.21384
15343.1693,0.384079
15343.1693,1.075854
15343.1693,2.370664
15343.1693,1.128263
15343.1693,0.067047
15343.1693,0.158185
189.9813,0.031026
189.9813,0.064938
189.9813,0.013183
189.9813,0.056956
639.6337,0.010388
639.6337,0.083337
639.6337,0.020016
639.6337,0.395526
639.6337,0.048356
1909.4135,0.197781
1909.4135,0.070407
1909.4135,0.1405
1909.4135,0.456379
1909.4135,0.287286
34245.2235,0.011972
34245.2235,0.010388
34245.2235,0.499074
34245.2235,0.039495
143.9307,0.003128
143.9307,0.009138
143.9307,0.101016
1666.7766,0.107862
1666.7766,0.228678
669.691,0.009138
669.691,0.009138
1111.5308,0.064938
1111.5308,0.712305
1111.5308,0.11875
1111.5308,0.048356
1111.5308,0.366788
1111.5308,0.167436
4343.336,2.302926
4343.336,0.055525
4343.336,0.369483
4343.336,2.457689
4343.336,0.358156
4343.336,0.107902
4343.336,0.107902
4343.336,0.107902
4343.336,0.85547
4343.336,0.362254
4343.336,0.224434
4343.336,0.499074
4343.336,0.198484
4343.336,0.056956
4343.336,0.108375
4343.336,0.108375
4343.336,0.116002
4343.336,0.207167
1247.5895,0.121562
1247.5895,0.091188
1247.5895,6.599778
1247.5895,0.039142
1247.5895,0.128733
669.691,0.121562
669.691,0.080542
669.691,0.039142
669.691,0.021997
669.691,0.039142
5579.3737,0.224434
5579.3737,0.307708
5579.3737,0.114889
5579.3737,0.673484
5579.3737,2.238495
5579.3737,0.210135
5579.3737,0.210135
5579.3737,0.119452
5579.3737,0.207167
669.691,0.048356
669.691,0.048356
669.691,0.021997
669.691,0.16876
669.691,0.031071
669.691,0.090287
669.691,0.092727
669.691,0.101016
669.691,0.021997
455.0416,0.064938
455.0416,0.712305
455.0416,0.794224
455.0416,3.023416
455.0416,4.019705
455.0416,0.045154
1247.5895,0.031026
1247.5895,0.064938
1247.5895,0.197781
1247.5895,0.174099
1247.5895,0.182935
1247.5895,0.158185
1247.5895,0.056956
1247.5895,0.056956
1247.5895,0.068221
1247.5895,0.080542
1247.5895,0.167436
1247.5895,0.167436
1247.5895,0.263012
1247.5895,0.116002
1247.5895,0.0871
1247.5895,0.075303
388.8037,1.816785
388.8037,1.607839
388.8037,0.042022
388.8037,0.046739
388.8037,0.006919
11391.7554,1.686165
11391.7554,2.238495
11391.7554,2.238495
11391.7554,1.666
11391.7554,1.666
11391.7554,3.633094
11391.7554,3.633094
1666.7766,0.458721
3701.7676,1.349584
3701.7676,0.644036
3701.7676,0.358156
3701.7676,1.216179
3701.7676,1.666
3701.7676,0.369483
1201.0124,0.022314
1201.0124,0.021997
1201.0124,0.001836
1201.0124,0.020016
1201.0124,0.020016
1201.0124,0.021997
1201.0124,0.021997
1201.0124,0.097597
1201.0124,0.0871
7866.3762,0.56318
7866.3762,0.083809
7866.3762,0.812322
7866.3762,0.812322
7866.3762,0.002754
7866.3762,0.20402
7866.3762,0.158185
7866.3762,0.312671
7866.3762,0.108375
7696.5071,1.849752
7696.5071,2.813362
7696.5071,0.384079
7696.5071,0.362254
7696.5071,0.011099
2039.5375,0.011972
2039.5375,0.263012
2039.5375,0.075303
5445.9056,1.354352
5445.9056,1.419068
5445.9056,0.113228
5445.9056,0.731308
5445.9056,0.20402
5445.9056,0.380923
5445.9056,0.085519
2543.9015,0.031071
2543.9015,1.182295
2543.9015,0.673484
2543.9015,1.816785
2543.9015,2.637879
2543.9015,2.637879
2543.9015,3.667157
2543.9015,1.607839
2543.9015,2.734396
2543.9015,0.119452
2543.9015,0.207167
1344.5104,0.05169
5853.1473,305.879026
5853.1473,0.673484
5853.1473,0.210135
5853.1473,0.85547
528.7966,0.011972
528.7966,0.039142
528.7966,0.006919
528.7966,0.009138
528.7966,0.010388
528.7966,0.14877
528.7966,0.074572
528.7966,0.395526
528.7966,0.085519
3129.6339,0.055525
3129.6339,0.055525
3129.6339,0.121929
3129.6339,3.290964
3129.6339,1.666
3129.6339,1.666
3129.6339,0.01361
3129.6339,0.01361
3129.6339,0.045692
3129.6339,0.362254
3129.6339,0.362254
3129.6339,0.045692
3129.6339,0.85547
3129.6339,0.058762
3129.6339,0.327139
15618.0321,1.396044
15618.0321,0.69199
15618.0321,0.369483
15618.0321,0.369483
15618.0321,0.752544
15618.0321,0.210135
15618.0321,0.425389
4121.484,0.121929
4121.484,0.224434
4121.484,0.064938
4121.484,0.107204
4121.484,0.031071
4121.484,0.103788
4121.484,1.182295
4121.484,0.002754
4121.484,0.210135
4121.484,2.039743
986.2093,0.064938
986.2093,0.031026
986.2093,0.057826
986.2093,0.048356
3601.7126,0.224434
3601.7126,0.121929
986.2093,0.1405
986.2093,0.132064
986.2093,0.056956
986.2093,0.176958
986.2093,0.207167
986.2093,0.207167
986.2093,0.217785
986.2093,0.051717
986.2093,0.158185
39274.3075,1.666
39274.3075,0.210135
700.7228,0.903941
700.7228,0.014732
700.7228,0.217785
19836.9902,0.224434
19836.9902,0.018323
19836.9902,10.084912
5853.1473,0.055525
5853.1473,2.687088
5853.1473,0.102653
6281.2306,3.43827
6281.2306,0.176725
6281.2306,0.050368
6281.2306,0.057826
6281.2306,4.141905
6281.2306,3.023416
6281.2306,2.637879
6281.2306,2.238495
6281.2306,1.666
6281.2306,1.666
6281.2306,0.224434
6281.2306,0.028625
6281.2306,0.176958
6281.2306,0.207167
6281.2306,0.057979
3407.3045,51.683504
3407.3045,26.490222
3407.3045,65.94049
3407.3045,0.712305
3407.3045,1.237972
3407.3045,1.890137
3407.3045,5.065016
3407.3045,0.002754
3407.3045,1.666
3407.3045,0.731308
3407.3045,0.731308
3407.3045,0.731308
2467.0296,0.055525
2467.0296,0.118738
2467.0296,0.091188
2467.0296,1.80088
2467.0296,0.210135
2467.0296,0.362254
2467.0296,0.574094
2467.0296,0.107902
2467.0296,0.051717
986.2093,0.003128
986.2093,0.011972
986.2093,0.123899
986.2093,0.1405
986.2093,0.1405
986.2093,0.132064
986.2093,0.132064
986.2093,0.132064
986.2093,0.217785
986.2093,0.101016
986.2093,0.056956
986.2093,0.051717
986.2093,0.051717
986.2093,0.051717
986.2093,0.149207
986.2093,0.046739
986.2093,0.207167
986.2093,0.149207
986.2093,0.504982
986.2093,0.395526
986.2093,0.339171
986.2093,0.325781
986.2093,0.299839
986.2093,0.251291
986.2093,0.217785
986.2093,0.207167
986.2093,0.196823
986.2093,0.196823
986.2093,0.167436
986.2093,0.158185
986.2093,0.239847
4343.336,0.2273
4343.336,0.011735
4343.336,0.013183
4343.336,0.013525
4343.336,0.116002
4343.336,0.116002
4343.336,0.108375
4343.336,0.108375
4343.336,0.108375
4343.336,0.093925
4343.336,0.080542
4343.336,0.074249
4343.336,0.051717
4343.336,0.042022
4343.336,0.116002
4343.336,0.123899
4343.336,0.046739
4343.336,0.251291
4343.336,0.123899
4343.336,0.325781
4343.336,0.217785
4343.336,0.217785
4343.336,0.207167
4343.336,0.176958
4343.336,0.149207
4343.336,0.149207
4343.336,0.1405
4343.336,0.123899
4343.336,0.123899
4343.336,0.123899
4343.336,0.158185
4457.3349,2.734396
4457.3349,0.210135
25179.1895,2.238495
25179.1895,1.666
25179.1895,1.666
25179.1895,2.366235
25179.1895,2.366235
7202.3086,0.018323
7202.3086,0.644036
7202.3086,2.687088
7202.3086,1.80088
7202.3086,1.80088
7202.3086,1.80088
7202.3086,2.238495
7202.3086,1.666
7202.3086,2.2147
7202.3086,0.186754
6730.751,0.69199
6730.751,0.058988
6730.751,1.128263
6730.751,7.650123
6730.751,0.882
6730.751,3.91049
6730.751,2.2147
6730.751,0.85547
6730.751,0.062504
6730.751,0.18495
7042.637,4.266482
7042.637,1.745299
3601.7126,0.003128
3601.7126,4.925744
3601.7126,0.045692
3601.7126,0.01361
7202.3086,0.370971
7202.3086,7.038389
7202.3086,3.023416
7202.3086,0.107902
7202.3086,0.232782
388.8037,0.087941
388.8037,0.011867
388.8037,0.055158
388.8037,0.325781
388.8037,0.176958
528.7966,0.039142
528.7966,0.037564
528.7966,0.056956
528.7966,0.051717
528.7966,0.051717
528.7966,0.046739
528.7966,0.046739
528.7966,0.056956
528.7966,0.108375
528.7966,0.025735
528.7966,0.042022
528.7966,0.062457
528.7966,0.108375
528.7966,0.123899
528.7966,0.1405
528.7966,0.1405
528.7966,0.186754
528.7966,0.196823
528.7966,0.217785
528.7966,0.251291
528.7966,0.108375
5993.4967,1.128263
5993.4967,1.4151
5993.4967,3.554255
5993.4967,4.654681
5993.4967,1.128263
5993.4967,1.816785
5993.4967,1.80088
5993.4967,3.290964
311.3899,0.050368
311.3899,0.068221
311.3899,0.093925
311.3899,0.093925
311.3899,0.116002
311.3899,0.046739
311.3899,0.010037
3312.9095,0.031799
3312.9095,0.022314
478.7686,0.003128
478.7686,0.011972
478.7686,0.644036
478.7686,0.055158
478.7686,0.196823
478.7686,0.068221
478.7686,0.074249
478.7686,0.080542
478.7686,0.176958
478.7686,0.132064
3220.3596,0.371913
3220.3596,2.238495
3220.3596,1.666
3220.3596,0.210135
3220.3596,0.811362
432.1499,0.092693
432.1499,0.906924
432.1499,0.06439
432.1499,1.623499
432.1499,0.062457
432.1499,0.042022
432.1499,0.056956
432.1499,0.186754
432.1499,0.207167
432.1499,0.056956
478.7686,0.108375
478.7686,0.123899
478.7686,0.016386
70782.2501,98.423367
70782.2501,1.354352
70782.2501,1155.665754
39274.3075,2.302926
39274.3075,36.145072
39274.3075,1.419068
39274.3075,2.238495
39274.3075,1.419068
39274.3075,1.80088
39274.3075,2.366235
106.3216,0.064938
106.3216,0.033424
202.9283,0.499074
202.9283,0.499074
202.9283,0.499074
114.9855,0.000315
114.9855,0.031026
114.9855,0.307708
114.9855,0.064938
114.9855,0.116002
114.9855,0.051717
114.9855,0.067047
177.6236,0.031026
177.6236,0.003128
177.6236,0.003128
177.6236,0.003128
177.6236,0.011972
177.6236,0.011972
177.6236,0.011972
177.6236,0.644036
177.6236,0.031026
177.6236,0.064938
177.6236,0.064938
177.6236,0.064938
177.6236,0.118738
177.6236,0.031026
177.6236,1.993716
57.9444,0.045154
57.9444,0.130272
57.9444,0.045154
57.9444,0.045154
57.9444,0.00506
57.9444,0.021422
98.1251,0.007982
98.1251,0.007982
98.1251,0.045154
98.1251,0.108375
124.1317,0.454415
124.1317,0.064938
124.1317,0.064938
124.1317,0.031026
124.1317,0.031026
124.1317,0.007982
52.6138,0.045154
52.6138,0.01306
165.8396,0.197781
165.8396,0.003128
165.8396,0.007982
165.8396,0.327139
165.8396,0.021422
83.0754,0.011972
83.0754,0.003128
69.72,0.003128
69.72,0.007982
83.0754,0.003128
83.0754,0.118738
83.0754,0.007982
114.9855,0.118738
114.9855,0.011972
114.9855,0.307708
114.9855,0.307708
114.9855,0.496477
114.9855,0.327139
114.9855,0.20402
114.9855,0.327139
114.9855,0.499074
114.9855,0.013525
76.1931,0.130272
76.1931,0.045154
76.1931,0.007982
76.1931,0.258291
76.1931,0.067047
455.0416,0.075882
329.6253,0.121562
329.6253,0.121562
329.6253,0.325781
329.6253,0.239847
35.1912,0.000289214
35.1912,0.064938334
2.2385,0.064938334
0.1219,0.002586838
1.4175,0.000958339
1.4175,0.008300854
1.4175,0.015258437
1.4175,0.081734236
1.1832,0.103788457
1.1832,0.03436433
1.4175,0.189419644
1.4175,0.128879152
0.9753,0.081734236
0.2831,0.549275985
0.2831,0.118414424
0.2035,0.013080982
0.916,0.139880001
0.916,0.019217466
0.916,0.041187786
0.5896,0.05939548
0.5896,0.001053576
0.5896,0.046815601
0.5896,0.026818996
0.5896,0.013080982
0.5896,0.01597269
0.8123,0.031026229
4.5952,0.01597269
4.5952,0.135561288
0.5818,0.101015936
0.5818,0.064938334
1.1823,0.039094701
1.1823,0.006027129
1.1823,0.004758836
0.2454,0.004758836
10.1345,0.00434614
6.6124,0.073811783
3.8952,0.005259787
0.1458,0.008300854
9.2209,0.029225906
9.2209,0.102830571
9.2209,0.081734236
0.2525,0.0126737
0.2311,0.001476242
12.3127,0.000393986
12.3127,0.035986714
0.0427,0.010528511
0.15,0.003597412
2.7911,0.090954356
2.7911,0.01597269
3.7947,0.006382919
3.7947,0.128879152
3.7947,0.035986714
3.7947,0.108476813
1.9937,0.081734236
1.9937,0.000759534
1.9937,0.000427747
1.9937,0.128879152
1.4191,0.287245474
1.4191,0.046815601
1.4191,0.176187134
1.6798,0.010520035
1.6798,0.232624182
1.6798,0.189419644
1.6798,0.128879152
1.6798,0.041187786
1.6798,0.026818996
0.7926,0.006382919
0.0292,0.026818996
0.0131,0.046815601
0.0131,0.004758836
1.7936,0.006382919
14.4966,1.477582205
14.4966,0.013080982
0.093,0.004758836
0.0283,0.000309466
0.1363,0.004051786
1.0905,0.090146132
1.6078,0.011702508
0.1065,0.008300854
0.0643,0.004758836
0.0858,0.006382919
0.1741,0.018323222
0.1741,0.046815601
0.2658,0.008300854
0.2658,0.031026229
6.1686,1.128263018
0.07,7.14E-06
1.5418,0.008300854
1.5418,0.369483017
2.2026,0.02282862
2.2026,0.118738366
1.4776,0.038789407
0.2658,0.000315435
0.0068,0.264430414
0.1139,0.004758836
1.3745,0.102830571
1.3745,0.031201014
0.9069,0.054590367
1.0905,0.002324028
0.3957,0.004758836
0.2982,0.010528511
4.5952,0.081915883
0.0183,0.004758836
0.0183,0.001476242
3.1614,0.006382919
0.14,0.019217466
